drug_type,drug_code,imaging_plate_drug_concentration,imaging_plate_drug_concentration_units,library_plate_number,source_well,source_plate_name,source_plate_number,source_plate_id,column,robot_runlog_filename,robot_run_number,source_robotslot,is_bad_well
CSCC170103,A,30.0,uM,1,A1,Syngenta3doses_01,1,L01,1,/Users/ibarlow/tierpsytools_python/examples/hydra_metadata/data/AuxiliaryFiles/sourceplates/robot_runlogs/20200124_shuffle1_runlog_clean.csv,1,10,
CSCC170103,A,10.0,uM,1,A2,Syngenta3doses_01,1,L01,2,/Users/ibarlow/tierpsytools_python/examples/hydra_metadata/data/AuxiliaryFiles/sourceplates/robot_runlogs/20200124_shuffle1_runlog_clean.csv,1,10,
CSCC170103,A,1.0,uM,1,A3,Syngenta3doses_01,1,L01,3,/Users/ibarlow/tierpsytools_python/examples/hydra_metadata/data/AuxiliaryFiles/sourceplates/robot_runlogs/20200124_shuffle1_runlog_clean.csv,1,10,
CSCC201954,AA,30.0,uM,1,A4,Syngenta3doses_01,1,L01,4,/Users/ibarlow/tierpsytools_python/examples/hydra_metadata/data/AuxiliaryFiles/sourceplates/robot_runlogs/20200124_shuffle1_runlog_clean.csv,1,10,
CSCC201954,AA,10.0,uM,1,A5,Syngenta3doses_01,1,L01,5,/Users/ibarlow/tierpsytools_python/examples/hydra_metadata/data/AuxiliaryFiles/sourceplates/robot_runlogs/20200124_shuffle1_runlog_clean.csv,1,10,
CSCC201954,AA,1.0,uM,1,A6,Syngenta3doses_01,1,L01,6,/Users/ibarlow/tierpsytools_python/examples/hydra_metadata/data/AuxiliaryFiles/sourceplates/robot_runlogs/20200124_shuffle1_runlog_clean.csv,1,10,
CSAA006770,AB,150.0,uM,1,A7,Syngenta3doses_01,1,L01,7,/Users/ibarlow/tierpsytools_python/examples/hydra_metadata/data/AuxiliaryFiles/sourceplates/robot_runlogs/20200124_shuffle1_runlog_clean.csv,1,10,
CSAA006770,AB,10.0,uM,1,A8,Syngenta3doses_01,1,L01,8,/Users/ibarlow/tierpsytools_python/examples/hydra_metadata/data/AuxiliaryFiles/sourceplates/robot_runlogs/20200124_shuffle1_runlog_clean.csv,1,10,
CSAA006770,AB,1.0,uM,1,A9,Syngenta3doses_01,1,L01,9,/Users/ibarlow/tierpsytools_python/examples/hydra_metadata/data/AuxiliaryFiles/sourceplates/robot_runlogs/20200124_shuffle1_runlog_clean.csv,1,10,
CSAA000937,AC,100.0,uM,1,A10,Syngenta3doses_01,1,L01,10,/Users/ibarlow/tierpsytools_python/examples/hydra_metadata/data/AuxiliaryFiles/sourceplates/robot_runlogs/20200124_shuffle1_runlog_clean.csv,1,10,
CSAA000937,AC,3.0,uM,1,A11,Syngenta3doses_01,1,L01,11,/Users/ibarlow/tierpsytools_python/examples/hydra_metadata/data/AuxiliaryFiles/sourceplates/robot_runlogs/20200124_shuffle1_runlog_clean.csv,1,10,
CSAA000937,AC,1.0,uM,1,A12,Syngenta3doses_01,1,L01,12,/Users/ibarlow/tierpsytools_python/examples/hydra_metadata/data/AuxiliaryFiles/sourceplates/robot_runlogs/20200124_shuffle1_runlog_clean.csv,1,10,
CSAA434568,AD,30.0,uM,1,B1,Syngenta3doses_01,1,L01,1,/Users/ibarlow/tierpsytools_python/examples/hydra_metadata/data/AuxiliaryFiles/sourceplates/robot_runlogs/20200124_shuffle1_runlog_clean.csv,1,10,
CSAA434568,AD,10.0,uM,1,B2,Syngenta3doses_01,1,L01,2,/Users/ibarlow/tierpsytools_python/examples/hydra_metadata/data/AuxiliaryFiles/sourceplates/robot_runlogs/20200124_shuffle1_runlog_clean.csv,1,10,
CSAA434568,AD,1.0,uM,1,B3,Syngenta3doses_01,1,L01,3,/Users/ibarlow/tierpsytools_python/examples/hydra_metadata/data/AuxiliaryFiles/sourceplates/robot_runlogs/20200124_shuffle1_runlog_clean.csv,1,10,
CSAA017604,AE,100.0,uM,1,B4,Syngenta3doses_01,1,L01,4,/Users/ibarlow/tierpsytools_python/examples/hydra_metadata/data/AuxiliaryFiles/sourceplates/robot_runlogs/20200124_shuffle1_runlog_clean.csv,1,10,
CSAA017604,AE,3.0,uM,1,B5,Syngenta3doses_01,1,L01,5,/Users/ibarlow/tierpsytools_python/examples/hydra_metadata/data/AuxiliaryFiles/sourceplates/robot_runlogs/20200124_shuffle1_runlog_clean.csv,1,10,
CSAA017604,AE,1.0,uM,1,B6,Syngenta3doses_01,1,L01,6,/Users/ibarlow/tierpsytools_python/examples/hydra_metadata/data/AuxiliaryFiles/sourceplates/robot_runlogs/20200124_shuffle1_runlog_clean.csv,1,10,
CSAA055679,AF,150.0,uM,1,B7,Syngenta3doses_01,1,L01,7,/Users/ibarlow/tierpsytools_python/examples/hydra_metadata/data/AuxiliaryFiles/sourceplates/robot_runlogs/20200124_shuffle1_runlog_clean.csv,1,10,
CSAA055679,AF,100.0,uM,1,B8,Syngenta3doses_01,1,L01,8,/Users/ibarlow/tierpsytools_python/examples/hydra_metadata/data/AuxiliaryFiles/sourceplates/robot_runlogs/20200124_shuffle1_runlog_clean.csv,1,10,
CSAA055679,AF,1.0,uM,1,B9,Syngenta3doses_01,1,L01,9,/Users/ibarlow/tierpsytools_python/examples/hydra_metadata/data/AuxiliaryFiles/sourceplates/robot_runlogs/20200124_shuffle1_runlog_clean.csv,1,10,
CSAA026200,AG,150.0,uM,1,B10,Syngenta3doses_01,1,L01,10,/Users/ibarlow/tierpsytools_python/examples/hydra_metadata/data/AuxiliaryFiles/sourceplates/robot_runlogs/20200124_shuffle1_runlog_clean.csv,1,10,
CSAA026200,AG,100.0,uM,1,B11,Syngenta3doses_01,1,L01,11,/Users/ibarlow/tierpsytools_python/examples/hydra_metadata/data/AuxiliaryFiles/sourceplates/robot_runlogs/20200124_shuffle1_runlog_clean.csv,1,10,
CSAA026200,AG,1.0,uM,1,B12,Syngenta3doses_01,1,L01,12,/Users/ibarlow/tierpsytools_python/examples/hydra_metadata/data/AuxiliaryFiles/sourceplates/robot_runlogs/20200124_shuffle1_runlog_clean.csv,1,10,
CSAA189597,AH,100.0,uM,1,C1,Syngenta3doses_01,1,L01,1,/Users/ibarlow/tierpsytools_python/examples/hydra_metadata/data/AuxiliaryFiles/sourceplates/robot_runlogs/20200124_shuffle1_runlog_clean.csv,1,10,
CSAA189597,AH,10.0,uM,1,C2,Syngenta3doses_01,1,L01,2,/Users/ibarlow/tierpsytools_python/examples/hydra_metadata/data/AuxiliaryFiles/sourceplates/robot_runlogs/20200124_shuffle1_runlog_clean.csv,1,10,
CSAA189597,AH,1.0,uM,1,C3,Syngenta3doses_01,1,L01,3,/Users/ibarlow/tierpsytools_python/examples/hydra_metadata/data/AuxiliaryFiles/sourceplates/robot_runlogs/20200124_shuffle1_runlog_clean.csv,1,10,
CSCD068947,AI,30.0,uM,1,C4,Syngenta3doses_01,1,L01,4,/Users/ibarlow/tierpsytools_python/examples/hydra_metadata/data/AuxiliaryFiles/sourceplates/robot_runlogs/20200124_shuffle1_runlog_clean.csv,1,10,
CSCD068947,AI,10.0,uM,1,C5,Syngenta3doses_01,1,L01,5,/Users/ibarlow/tierpsytools_python/examples/hydra_metadata/data/AuxiliaryFiles/sourceplates/robot_runlogs/20200124_shuffle1_runlog_clean.csv,1,10,
CSCD068947,AI,0.1,uM,1,C6,Syngenta3doses_01,1,L01,6,/Users/ibarlow/tierpsytools_python/examples/hydra_metadata/data/AuxiliaryFiles/sourceplates/robot_runlogs/20200124_shuffle1_runlog_clean.csv,1,10,
CSAA050216,AJ,100.0,uM,1,C7,Syngenta3doses_01,1,L01,7,/Users/ibarlow/tierpsytools_python/examples/hydra_metadata/data/AuxiliaryFiles/sourceplates/robot_runlogs/20200124_shuffle1_runlog_clean.csv,1,10,
CSAA050216,AJ,10.0,uM,1,C8,Syngenta3doses_01,1,L01,8,/Users/ibarlow/tierpsytools_python/examples/hydra_metadata/data/AuxiliaryFiles/sourceplates/robot_runlogs/20200124_shuffle1_runlog_clean.csv,1,10,
CSAA050216,AJ,1.0,uM,1,C9,Syngenta3doses_01,1,L01,9,/Users/ibarlow/tierpsytools_python/examples/hydra_metadata/data/AuxiliaryFiles/sourceplates/robot_runlogs/20200124_shuffle1_runlog_clean.csv,1,10,
CSAA011840,AK,100.0,uM,1,C10,Syngenta3doses_01,1,L01,10,/Users/ibarlow/tierpsytools_python/examples/hydra_metadata/data/AuxiliaryFiles/sourceplates/robot_runlogs/20200124_shuffle1_runlog_clean.csv,1,10,
CSAA011840,AK,10.0,uM,1,C11,Syngenta3doses_01,1,L01,11,/Users/ibarlow/tierpsytools_python/examples/hydra_metadata/data/AuxiliaryFiles/sourceplates/robot_runlogs/20200124_shuffle1_runlog_clean.csv,1,10,
CSAA011840,AK,1.0,uM,1,C12,Syngenta3doses_01,1,L01,12,/Users/ibarlow/tierpsytools_python/examples/hydra_metadata/data/AuxiliaryFiles/sourceplates/robot_runlogs/20200124_shuffle1_runlog_clean.csv,1,10,
CSCC230937,AL,10.0,uM,1,D1,Syngenta3doses_01,1,L01,1,/Users/ibarlow/tierpsytools_python/examples/hydra_metadata/data/AuxiliaryFiles/sourceplates/robot_runlogs/20200124_shuffle1_runlog_clean.csv,1,10,
CSCC230937,AL,1.0,uM,1,D2,Syngenta3doses_01,1,L01,2,/Users/ibarlow/tierpsytools_python/examples/hydra_metadata/data/AuxiliaryFiles/sourceplates/robot_runlogs/20200124_shuffle1_runlog_clean.csv,1,10,
CSCC230937,AL,0.1,uM,1,D3,Syngenta3doses_01,1,L01,3,/Users/ibarlow/tierpsytools_python/examples/hydra_metadata/data/AuxiliaryFiles/sourceplates/robot_runlogs/20200124_shuffle1_runlog_clean.csv,1,10,
CSCC819117,AM,100.0,uM,1,D4,Syngenta3doses_01,1,L01,4,/Users/ibarlow/tierpsytools_python/examples/hydra_metadata/data/AuxiliaryFiles/sourceplates/robot_runlogs/20200124_shuffle1_runlog_clean.csv,1,10,
CSCC819117,AM,10.0,uM,1,D5,Syngenta3doses_01,1,L01,5,/Users/ibarlow/tierpsytools_python/examples/hydra_metadata/data/AuxiliaryFiles/sourceplates/robot_runlogs/20200124_shuffle1_runlog_clean.csv,1,10,
CSCC819117,AM,0.1,uM,1,D6,Syngenta3doses_01,1,L01,6,/Users/ibarlow/tierpsytools_python/examples/hydra_metadata/data/AuxiliaryFiles/sourceplates/robot_runlogs/20200124_shuffle1_runlog_clean.csv,1,10,
CSCD668797,AN,100.0,uM,1,D7,Syngenta3doses_01,1,L01,7,/Users/ibarlow/tierpsytools_python/examples/hydra_metadata/data/AuxiliaryFiles/sourceplates/robot_runlogs/20200124_shuffle1_runlog_clean.csv,1,10,
CSCD668797,AN,10.0,uM,1,D8,Syngenta3doses_01,1,L01,8,/Users/ibarlow/tierpsytools_python/examples/hydra_metadata/data/AuxiliaryFiles/sourceplates/robot_runlogs/20200124_shuffle1_runlog_clean.csv,1,10,
CSCD668797,AN,0.1,uM,1,D9,Syngenta3doses_01,1,L01,9,/Users/ibarlow/tierpsytools_python/examples/hydra_metadata/data/AuxiliaryFiles/sourceplates/robot_runlogs/20200124_shuffle1_runlog_clean.csv,1,10,
CSAA173130,AO,100.0,uM,1,D10,Syngenta3doses_01,1,L01,10,/Users/ibarlow/tierpsytools_python/examples/hydra_metadata/data/AuxiliaryFiles/sourceplates/robot_runlogs/20200124_shuffle1_runlog_clean.csv,1,10,
CSAA173130,AO,10.0,uM,1,D11,Syngenta3doses_01,1,L01,11,/Users/ibarlow/tierpsytools_python/examples/hydra_metadata/data/AuxiliaryFiles/sourceplates/robot_runlogs/20200124_shuffle1_runlog_clean.csv,1,10,
CSAA173130,AO,1.0,uM,1,D12,Syngenta3doses_01,1,L01,12,/Users/ibarlow/tierpsytools_python/examples/hydra_metadata/data/AuxiliaryFiles/sourceplates/robot_runlogs/20200124_shuffle1_runlog_clean.csv,1,10,
CSCC910944,AP,100.0,uM,1,E1,Syngenta3doses_01,1,L01,1,/Users/ibarlow/tierpsytools_python/examples/hydra_metadata/data/AuxiliaryFiles/sourceplates/robot_runlogs/20200124_shuffle1_runlog_clean.csv,1,10,
CSCC910944,AP,10.0,uM,1,E2,Syngenta3doses_01,1,L01,2,/Users/ibarlow/tierpsytools_python/examples/hydra_metadata/data/AuxiliaryFiles/sourceplates/robot_runlogs/20200124_shuffle1_runlog_clean.csv,1,10,
CSCC910944,AP,1.0,uM,1,E3,Syngenta3doses_01,1,L01,3,/Users/ibarlow/tierpsytools_python/examples/hydra_metadata/data/AuxiliaryFiles/sourceplates/robot_runlogs/20200124_shuffle1_runlog_clean.csv,1,10,
CSCD010279,AQ,30.0,uM,1,E4,Syngenta3doses_01,1,L01,4,/Users/ibarlow/tierpsytools_python/examples/hydra_metadata/data/AuxiliaryFiles/sourceplates/robot_runlogs/20200124_shuffle1_runlog_clean.csv,1,10,
CSCD010279,AQ,3.0,uM,1,E5,Syngenta3doses_01,1,L01,5,/Users/ibarlow/tierpsytools_python/examples/hydra_metadata/data/AuxiliaryFiles/sourceplates/robot_runlogs/20200124_shuffle1_runlog_clean.csv,1,10,
CSCD010279,AQ,0.3,uM,1,E6,Syngenta3doses_01,1,L01,6,/Users/ibarlow/tierpsytools_python/examples/hydra_metadata/data/AuxiliaryFiles/sourceplates/robot_runlogs/20200124_shuffle1_runlog_clean.csv,1,10,
CSAA058638,AR,100.0,uM,1,E7,Syngenta3doses_01,1,L01,7,/Users/ibarlow/tierpsytools_python/examples/hydra_metadata/data/AuxiliaryFiles/sourceplates/robot_runlogs/20200124_shuffle1_runlog_clean.csv,1,10,
CSAA058638,AR,10.0,uM,1,E8,Syngenta3doses_01,1,L01,8,/Users/ibarlow/tierpsytools_python/examples/hydra_metadata/data/AuxiliaryFiles/sourceplates/robot_runlogs/20200124_shuffle1_runlog_clean.csv,1,10,
CSAA058638,AR,1.0,uM,1,E9,Syngenta3doses_01,1,L01,9,/Users/ibarlow/tierpsytools_python/examples/hydra_metadata/data/AuxiliaryFiles/sourceplates/robot_runlogs/20200124_shuffle1_runlog_clean.csv,1,10,
CSAA735151,AS,30.0,uM,1,E10,Syngenta3doses_01,1,L01,10,/Users/ibarlow/tierpsytools_python/examples/hydra_metadata/data/AuxiliaryFiles/sourceplates/robot_runlogs/20200124_shuffle1_runlog_clean.csv,1,10,
CSAA735151,AS,10.0,uM,1,E11,Syngenta3doses_01,1,L01,11,/Users/ibarlow/tierpsytools_python/examples/hydra_metadata/data/AuxiliaryFiles/sourceplates/robot_runlogs/20200124_shuffle1_runlog_clean.csv,1,10,
CSAA735151,AS,1.0,uM,1,E12,Syngenta3doses_01,1,L01,12,/Users/ibarlow/tierpsytools_python/examples/hydra_metadata/data/AuxiliaryFiles/sourceplates/robot_runlogs/20200124_shuffle1_runlog_clean.csv,1,10,
CSAA123408,AT,30.0,uM,1,F1,Syngenta3doses_01,1,L01,1,/Users/ibarlow/tierpsytools_python/examples/hydra_metadata/data/AuxiliaryFiles/sourceplates/robot_runlogs/20200124_shuffle1_runlog_clean.csv,1,10,
CSAA123408,AT,3.0,uM,1,F2,Syngenta3doses_01,1,L01,2,/Users/ibarlow/tierpsytools_python/examples/hydra_metadata/data/AuxiliaryFiles/sourceplates/robot_runlogs/20200124_shuffle1_runlog_clean.csv,1,10,
CSAA123408,AT,0.3,uM,1,F3,Syngenta3doses_01,1,L01,3,/Users/ibarlow/tierpsytools_python/examples/hydra_metadata/data/AuxiliaryFiles/sourceplates/robot_runlogs/20200124_shuffle1_runlog_clean.csv,1,10,
CSAA118599,AU,150.0,uM,1,F4,Syngenta3doses_01,1,L01,4,/Users/ibarlow/tierpsytools_python/examples/hydra_metadata/data/AuxiliaryFiles/sourceplates/robot_runlogs/20200124_shuffle1_runlog_clean.csv,1,10,
CSAA118599,AU,100.0,uM,1,F5,Syngenta3doses_01,1,L01,5,/Users/ibarlow/tierpsytools_python/examples/hydra_metadata/data/AuxiliaryFiles/sourceplates/robot_runlogs/20200124_shuffle1_runlog_clean.csv,1,10,
CSAA118599,AU,1.0,uM,1,F6,Syngenta3doses_01,1,L01,6,/Users/ibarlow/tierpsytools_python/examples/hydra_metadata/data/AuxiliaryFiles/sourceplates/robot_runlogs/20200124_shuffle1_runlog_clean.csv,1,10,
CSCD010296,AV,10.0,uM,1,F7,Syngenta3doses_01,1,L01,7,/Users/ibarlow/tierpsytools_python/examples/hydra_metadata/data/AuxiliaryFiles/sourceplates/robot_runlogs/20200124_shuffle1_runlog_clean.csv,1,10,
CSCD010296,AV,1.0,uM,1,F8,Syngenta3doses_01,1,L01,8,/Users/ibarlow/tierpsytools_python/examples/hydra_metadata/data/AuxiliaryFiles/sourceplates/robot_runlogs/20200124_shuffle1_runlog_clean.csv,1,10,
CSCD010296,AV,0.1,uM,1,F9,Syngenta3doses_01,1,L01,9,/Users/ibarlow/tierpsytools_python/examples/hydra_metadata/data/AuxiliaryFiles/sourceplates/robot_runlogs/20200124_shuffle1_runlog_clean.csv,1,10,
CSCC944524,AW,150.0,uM,1,F10,Syngenta3doses_01,1,L01,10,/Users/ibarlow/tierpsytools_python/examples/hydra_metadata/data/AuxiliaryFiles/sourceplates/robot_runlogs/20200124_shuffle1_runlog_clean.csv,1,10,
CSCC944524,AW,30.0,uM,1,F11,Syngenta3doses_01,1,L01,11,/Users/ibarlow/tierpsytools_python/examples/hydra_metadata/data/AuxiliaryFiles/sourceplates/robot_runlogs/20200124_shuffle1_runlog_clean.csv,1,10,
CSCC944524,AW,1.0,uM,1,F12,Syngenta3doses_01,1,L01,12,/Users/ibarlow/tierpsytools_python/examples/hydra_metadata/data/AuxiliaryFiles/sourceplates/robot_runlogs/20200124_shuffle1_runlog_clean.csv,1,10,
CSAA532845,AX,100.0,uM,1,G1,Syngenta3doses_01,1,L01,1,/Users/ibarlow/tierpsytools_python/examples/hydra_metadata/data/AuxiliaryFiles/sourceplates/robot_runlogs/20200124_shuffle1_runlog_clean.csv,1,10,
CSAA532845,AX,10.0,uM,1,G2,Syngenta3doses_01,1,L01,2,/Users/ibarlow/tierpsytools_python/examples/hydra_metadata/data/AuxiliaryFiles/sourceplates/robot_runlogs/20200124_shuffle1_runlog_clean.csv,1,10,
CSAA532845,AX,1.0,uM,1,G3,Syngenta3doses_01,1,L01,3,/Users/ibarlow/tierpsytools_python/examples/hydra_metadata/data/AuxiliaryFiles/sourceplates/robot_runlogs/20200124_shuffle1_runlog_clean.csv,1,10,
CSAA145723,AY,150.0,uM,1,G4,Syngenta3doses_01,1,L01,4,/Users/ibarlow/tierpsytools_python/examples/hydra_metadata/data/AuxiliaryFiles/sourceplates/robot_runlogs/20200124_shuffle1_runlog_clean.csv,1,10,
CSAA145723,AY,10.0,uM,1,G5,Syngenta3doses_01,1,L01,5,/Users/ibarlow/tierpsytools_python/examples/hydra_metadata/data/AuxiliaryFiles/sourceplates/robot_runlogs/20200124_shuffle1_runlog_clean.csv,1,10,
CSAA145723,AY,1.0,uM,1,G6,Syngenta3doses_01,1,L01,6,/Users/ibarlow/tierpsytools_python/examples/hydra_metadata/data/AuxiliaryFiles/sourceplates/robot_runlogs/20200124_shuffle1_runlog_clean.csv,1,10,
CSCC189947,AZ,150.0,uM,1,G7,Syngenta3doses_01,1,L01,7,/Users/ibarlow/tierpsytools_python/examples/hydra_metadata/data/AuxiliaryFiles/sourceplates/robot_runlogs/20200124_shuffle1_runlog_clean.csv,1,10,
CSCC189947,AZ,10.0,uM,1,G8,Syngenta3doses_01,1,L01,8,/Users/ibarlow/tierpsytools_python/examples/hydra_metadata/data/AuxiliaryFiles/sourceplates/robot_runlogs/20200124_shuffle1_runlog_clean.csv,1,10,
CSCC189947,AZ,1.0,uM,1,G9,Syngenta3doses_01,1,L01,9,/Users/ibarlow/tierpsytools_python/examples/hydra_metadata/data/AuxiliaryFiles/sourceplates/robot_runlogs/20200124_shuffle1_runlog_clean.csv,1,10,
CSAA016712,B,100.0,uM,1,G10,Syngenta3doses_01,1,L01,10,/Users/ibarlow/tierpsytools_python/examples/hydra_metadata/data/AuxiliaryFiles/sourceplates/robot_runlogs/20200124_shuffle1_runlog_clean.csv,1,10,
CSAA016712,B,10.0,uM,1,G11,Syngenta3doses_01,1,L01,11,/Users/ibarlow/tierpsytools_python/examples/hydra_metadata/data/AuxiliaryFiles/sourceplates/robot_runlogs/20200124_shuffle1_runlog_clean.csv,1,10,
CSAA016712,B,1.0,uM,1,G12,Syngenta3doses_01,1,L01,12,/Users/ibarlow/tierpsytools_python/examples/hydra_metadata/data/AuxiliaryFiles/sourceplates/robot_runlogs/20200124_shuffle1_runlog_clean.csv,1,10,
CSCC917643,BA,100.0,uM,1,H1,Syngenta3doses_01,1,L01,1,/Users/ibarlow/tierpsytools_python/examples/hydra_metadata/data/AuxiliaryFiles/sourceplates/robot_runlogs/20200124_shuffle1_runlog_clean.csv,1,10,
CSCC917643,BA,10.0,uM,1,H2,Syngenta3doses_01,1,L01,2,/Users/ibarlow/tierpsytools_python/examples/hydra_metadata/data/AuxiliaryFiles/sourceplates/robot_runlogs/20200124_shuffle1_runlog_clean.csv,1,10,
CSCC917643,BA,1.0,uM,1,H3,Syngenta3doses_01,1,L01,3,/Users/ibarlow/tierpsytools_python/examples/hydra_metadata/data/AuxiliaryFiles/sourceplates/robot_runlogs/20200124_shuffle1_runlog_clean.csv,1,10,
CSCD060855,BB,30.0,uM,1,H4,Syngenta3doses_01,1,L01,4,/Users/ibarlow/tierpsytools_python/examples/hydra_metadata/data/AuxiliaryFiles/sourceplates/robot_runlogs/20200124_shuffle1_runlog_clean.csv,1,10,True
CSCD060855,BB,10.0,uM,1,H5,Syngenta3doses_01,1,L01,5,/Users/ibarlow/tierpsytools_python/examples/hydra_metadata/data/AuxiliaryFiles/sourceplates/robot_runlogs/20200124_shuffle1_runlog_clean.csv,1,10,True
CSCD060855,BB,1.0,uM,1,H6,Syngenta3doses_01,1,L01,6,/Users/ibarlow/tierpsytools_python/examples/hydra_metadata/data/AuxiliaryFiles/sourceplates/robot_runlogs/20200124_shuffle1_runlog_clean.csv,1,10,
CSAA035078,BC,10.0,uM,1,H7,Syngenta3doses_01,1,L01,7,/Users/ibarlow/tierpsytools_python/examples/hydra_metadata/data/AuxiliaryFiles/sourceplates/robot_runlogs/20200124_shuffle1_runlog_clean.csv,1,10,
CSAA035078,BC,1.0,uM,1,H8,Syngenta3doses_01,1,L01,8,/Users/ibarlow/tierpsytools_python/examples/hydra_metadata/data/AuxiliaryFiles/sourceplates/robot_runlogs/20200124_shuffle1_runlog_clean.csv,1,10,
CSAA035078,BC,0.1,uM,1,H9,Syngenta3doses_01,1,L01,9,/Users/ibarlow/tierpsytools_python/examples/hydra_metadata/data/AuxiliaryFiles/sourceplates/robot_runlogs/20200124_shuffle1_runlog_clean.csv,1,10,
CSAA035778,BD,10.0,uM,1,H10,Syngenta3doses_01,1,L01,10,/Users/ibarlow/tierpsytools_python/examples/hydra_metadata/data/AuxiliaryFiles/sourceplates/robot_runlogs/20200124_shuffle1_runlog_clean.csv,1,10,
DMSO,DMSO,0.1,%,1,H11,Syngenta3doses_01,1,L01,11,/Users/ibarlow/tierpsytools_python/examples/hydra_metadata/data/AuxiliaryFiles/sourceplates/robot_runlogs/20200124_shuffle1_runlog_clean.csv,1,10,
NoCompound,NoCompound,0.0,na,1,H12,Syngenta3doses_01,1,L01,12,/Users/ibarlow/tierpsytools_python/examples/hydra_metadata/data/AuxiliaryFiles/sourceplates/robot_runlogs/20200124_shuffle1_runlog_clean.csv,1,10,
CSAA035778,BD,3.0,uM,2,A1,Syngenta3doses_02,2,L02,1,/Users/ibarlow/tierpsytools_python/examples/hydra_metadata/data/AuxiliaryFiles/sourceplates/robot_runlogs/20200124_shuffle1_runlog_clean.csv,1,7,
CSAA035778,BD,1.0,uM,2,A2,Syngenta3doses_02,2,L02,2,/Users/ibarlow/tierpsytools_python/examples/hydra_metadata/data/AuxiliaryFiles/sourceplates/robot_runlogs/20200124_shuffle1_runlog_clean.csv,1,7,True
CSAA104175,BE,30.0,uM,2,A3,Syngenta3doses_02,2,L02,3,/Users/ibarlow/tierpsytools_python/examples/hydra_metadata/data/AuxiliaryFiles/sourceplates/robot_runlogs/20200124_shuffle1_runlog_clean.csv,1,7,
CSAA104175,BE,3.0,uM,2,A4,Syngenta3doses_02,2,L02,4,/Users/ibarlow/tierpsytools_python/examples/hydra_metadata/data/AuxiliaryFiles/sourceplates/robot_runlogs/20200124_shuffle1_runlog_clean.csv,1,7,
CSAA104175,BE,0.3,uM,2,A5,Syngenta3doses_02,2,L02,5,/Users/ibarlow/tierpsytools_python/examples/hydra_metadata/data/AuxiliaryFiles/sourceplates/robot_runlogs/20200124_shuffle1_runlog_clean.csv,1,7,
CSAA149470,BF,10.0,uM,2,A6,Syngenta3doses_02,2,L02,6,/Users/ibarlow/tierpsytools_python/examples/hydra_metadata/data/AuxiliaryFiles/sourceplates/robot_runlogs/20200124_shuffle1_runlog_clean.csv,1,7,
CSAA149470,BF,1.0,uM,2,A7,Syngenta3doses_02,2,L02,7,/Users/ibarlow/tierpsytools_python/examples/hydra_metadata/data/AuxiliaryFiles/sourceplates/robot_runlogs/20200124_shuffle1_runlog_clean.csv,1,7,
CSAA149470,BF,0.1,uM,2,A8,Syngenta3doses_02,2,L02,8,/Users/ibarlow/tierpsytools_python/examples/hydra_metadata/data/AuxiliaryFiles/sourceplates/robot_runlogs/20200124_shuffle1_runlog_clean.csv,1,7,
CSAA159511,BG,10.0,uM,2,A9,Syngenta3doses_02,2,L02,9,/Users/ibarlow/tierpsytools_python/examples/hydra_metadata/data/AuxiliaryFiles/sourceplates/robot_runlogs/20200124_shuffle1_runlog_clean.csv,1,7,
CSAA159511,BG,1.0,uM,2,A10,Syngenta3doses_02,2,L02,10,/Users/ibarlow/tierpsytools_python/examples/hydra_metadata/data/AuxiliaryFiles/sourceplates/robot_runlogs/20200124_shuffle1_runlog_clean.csv,1,7,
CSAA159511,BG,0.1,uM,2,A11,Syngenta3doses_02,2,L02,11,/Users/ibarlow/tierpsytools_python/examples/hydra_metadata/data/AuxiliaryFiles/sourceplates/robot_runlogs/20200124_shuffle1_runlog_clean.csv,1,7,
CSAA172687,BH,10.0,uM,2,A12,Syngenta3doses_02,2,L02,12,/Users/ibarlow/tierpsytools_python/examples/hydra_metadata/data/AuxiliaryFiles/sourceplates/robot_runlogs/20200124_shuffle1_runlog_clean.csv,1,7,
CSAA172687,BH,1.0,uM,2,B1,Syngenta3doses_02,2,L02,1,/Users/ibarlow/tierpsytools_python/examples/hydra_metadata/data/AuxiliaryFiles/sourceplates/robot_runlogs/20200124_shuffle1_runlog_clean.csv,1,7,
CSAA172687,BH,0.1,uM,2,B2,Syngenta3doses_02,2,L02,2,/Users/ibarlow/tierpsytools_python/examples/hydra_metadata/data/AuxiliaryFiles/sourceplates/robot_runlogs/20200124_shuffle1_runlog_clean.csv,1,7,
CSAA242053,BI,30.0,uM,2,B3,Syngenta3doses_02,2,L02,3,/Users/ibarlow/tierpsytools_python/examples/hydra_metadata/data/AuxiliaryFiles/sourceplates/robot_runlogs/20200124_shuffle1_runlog_clean.csv,1,7,True
CSAA242053,BI,10.0,uM,2,B4,Syngenta3doses_02,2,L02,4,/Users/ibarlow/tierpsytools_python/examples/hydra_metadata/data/AuxiliaryFiles/sourceplates/robot_runlogs/20200124_shuffle1_runlog_clean.csv,1,7,True
CSAA242053,BI,1.0,uM,2,B5,Syngenta3doses_02,2,L02,5,/Users/ibarlow/tierpsytools_python/examples/hydra_metadata/data/AuxiliaryFiles/sourceplates/robot_runlogs/20200124_shuffle1_runlog_clean.csv,1,7,True
CSAA375588,BJ,150.0,uM,2,B6,Syngenta3doses_02,2,L02,6,/Users/ibarlow/tierpsytools_python/examples/hydra_metadata/data/AuxiliaryFiles/sourceplates/robot_runlogs/20200124_shuffle1_runlog_clean.csv,1,7,
CSAA375588,BJ,10.0,uM,2,B7,Syngenta3doses_02,2,L02,7,/Users/ibarlow/tierpsytools_python/examples/hydra_metadata/data/AuxiliaryFiles/sourceplates/robot_runlogs/20200124_shuffle1_runlog_clean.csv,1,7,
CSAA375588,BJ,1.0,uM,2,B8,Syngenta3doses_02,2,L02,8,/Users/ibarlow/tierpsytools_python/examples/hydra_metadata/data/AuxiliaryFiles/sourceplates/robot_runlogs/20200124_shuffle1_runlog_clean.csv,1,7,
CSAA465503,BK,30.0,uM,2,B9,Syngenta3doses_02,2,L02,9,/Users/ibarlow/tierpsytools_python/examples/hydra_metadata/data/AuxiliaryFiles/sourceplates/robot_runlogs/20200124_shuffle1_runlog_clean.csv,1,7,
CSAA465503,BK,3.0,uM,2,B10,Syngenta3doses_02,2,L02,10,/Users/ibarlow/tierpsytools_python/examples/hydra_metadata/data/AuxiliaryFiles/sourceplates/robot_runlogs/20200124_shuffle1_runlog_clean.csv,1,7,
CSAA465503,BK,0.3,uM,2,B11,Syngenta3doses_02,2,L02,11,/Users/ibarlow/tierpsytools_python/examples/hydra_metadata/data/AuxiliaryFiles/sourceplates/robot_runlogs/20200124_shuffle1_runlog_clean.csv,1,7,
CSAA632597,BL,30.0,uM,2,B12,Syngenta3doses_02,2,L02,12,/Users/ibarlow/tierpsytools_python/examples/hydra_metadata/data/AuxiliaryFiles/sourceplates/robot_runlogs/20200124_shuffle1_runlog_clean.csv,1,7,
CSAA632597,BL,3.0,uM,2,C1,Syngenta3doses_02,2,L02,1,/Users/ibarlow/tierpsytools_python/examples/hydra_metadata/data/AuxiliaryFiles/sourceplates/robot_runlogs/20200124_shuffle1_runlog_clean.csv,1,7,
CSAA632597,BL,0.3,uM,2,C2,Syngenta3doses_02,2,L02,2,/Users/ibarlow/tierpsytools_python/examples/hydra_metadata/data/AuxiliaryFiles/sourceplates/robot_runlogs/20200124_shuffle1_runlog_clean.csv,1,7,
CSAA632702,BM,30.0,uM,2,C3,Syngenta3doses_02,2,L02,3,/Users/ibarlow/tierpsytools_python/examples/hydra_metadata/data/AuxiliaryFiles/sourceplates/robot_runlogs/20200124_shuffle1_runlog_clean.csv,1,7,
CSAA632702,BM,3.0,uM,2,C4,Syngenta3doses_02,2,L02,4,/Users/ibarlow/tierpsytools_python/examples/hydra_metadata/data/AuxiliaryFiles/sourceplates/robot_runlogs/20200124_shuffle1_runlog_clean.csv,1,7,
CSAA632702,BM,0.3,uM,2,C5,Syngenta3doses_02,2,L02,5,/Users/ibarlow/tierpsytools_python/examples/hydra_metadata/data/AuxiliaryFiles/sourceplates/robot_runlogs/20200124_shuffle1_runlog_clean.csv,1,7,
CSAA741184,BN,30.0,uM,2,C6,Syngenta3doses_02,2,L02,6,/Users/ibarlow/tierpsytools_python/examples/hydra_metadata/data/AuxiliaryFiles/sourceplates/robot_runlogs/20200124_shuffle1_runlog_clean.csv,1,7,
CSAA741184,BN,10.0,uM,2,C7,Syngenta3doses_02,2,L02,7,/Users/ibarlow/tierpsytools_python/examples/hydra_metadata/data/AuxiliaryFiles/sourceplates/robot_runlogs/20200124_shuffle1_runlog_clean.csv,1,7,
CSAA741184,BN,1.0,uM,2,C8,Syngenta3doses_02,2,L02,8,/Users/ibarlow/tierpsytools_python/examples/hydra_metadata/data/AuxiliaryFiles/sourceplates/robot_runlogs/20200124_shuffle1_runlog_clean.csv,1,7,
CSAA871813,BO,30.0,uM,2,C9,Syngenta3doses_02,2,L02,9,/Users/ibarlow/tierpsytools_python/examples/hydra_metadata/data/AuxiliaryFiles/sourceplates/robot_runlogs/20200124_shuffle1_runlog_clean.csv,1,7,
CSAA871813,BO,10.0,uM,2,C10,Syngenta3doses_02,2,L02,10,/Users/ibarlow/tierpsytools_python/examples/hydra_metadata/data/AuxiliaryFiles/sourceplates/robot_runlogs/20200124_shuffle1_runlog_clean.csv,1,7,
CSAA871813,BO,1.0,uM,2,C11,Syngenta3doses_02,2,L02,11,/Users/ibarlow/tierpsytools_python/examples/hydra_metadata/data/AuxiliaryFiles/sourceplates/robot_runlogs/20200124_shuffle1_runlog_clean.csv,1,7,
CSAC270548,BP,10.0,uM,2,C12,Syngenta3doses_02,2,L02,12,/Users/ibarlow/tierpsytools_python/examples/hydra_metadata/data/AuxiliaryFiles/sourceplates/robot_runlogs/20200124_shuffle1_runlog_clean.csv,1,7,
CSAC270548,BP,3.0,uM,2,D1,Syngenta3doses_02,2,L02,1,/Users/ibarlow/tierpsytools_python/examples/hydra_metadata/data/AuxiliaryFiles/sourceplates/robot_runlogs/20200124_shuffle1_runlog_clean.csv,1,7,
CSAC270548,BP,1.0,uM,2,D2,Syngenta3doses_02,2,L02,2,/Users/ibarlow/tierpsytools_python/examples/hydra_metadata/data/AuxiliaryFiles/sourceplates/robot_runlogs/20200124_shuffle1_runlog_clean.csv,1,7,
CSCA040604,BQ,100.0,uM,2,D3,Syngenta3doses_02,2,L02,3,/Users/ibarlow/tierpsytools_python/examples/hydra_metadata/data/AuxiliaryFiles/sourceplates/robot_runlogs/20200124_shuffle1_runlog_clean.csv,1,7,
CSCA040604,BQ,10.0,uM,2,D4,Syngenta3doses_02,2,L02,4,/Users/ibarlow/tierpsytools_python/examples/hydra_metadata/data/AuxiliaryFiles/sourceplates/robot_runlogs/20200124_shuffle1_runlog_clean.csv,1,7,
CSCA040604,BQ,1.0,uM,2,D5,Syngenta3doses_02,2,L02,5,/Users/ibarlow/tierpsytools_python/examples/hydra_metadata/data/AuxiliaryFiles/sourceplates/robot_runlogs/20200124_shuffle1_runlog_clean.csv,1,7,
CSCA091357,BR,150.0,uM,2,D6,Syngenta3doses_02,2,L02,6,/Users/ibarlow/tierpsytools_python/examples/hydra_metadata/data/AuxiliaryFiles/sourceplates/robot_runlogs/20200124_shuffle1_runlog_clean.csv,1,7,True
CSCA091357,BR,30.0,uM,2,D7,Syngenta3doses_02,2,L02,7,/Users/ibarlow/tierpsytools_python/examples/hydra_metadata/data/AuxiliaryFiles/sourceplates/robot_runlogs/20200124_shuffle1_runlog_clean.csv,1,7,
CSCA091357,BR,10.0,uM,2,D8,Syngenta3doses_02,2,L02,8,/Users/ibarlow/tierpsytools_python/examples/hydra_metadata/data/AuxiliaryFiles/sourceplates/robot_runlogs/20200124_shuffle1_runlog_clean.csv,1,7,
CSCA109859,BS,30.0,uM,2,D9,Syngenta3doses_02,2,L02,9,/Users/ibarlow/tierpsytools_python/examples/hydra_metadata/data/AuxiliaryFiles/sourceplates/robot_runlogs/20200124_shuffle1_runlog_clean.csv,1,7,
CSCA109859,BS,3.0,uM,2,D10,Syngenta3doses_02,2,L02,10,/Users/ibarlow/tierpsytools_python/examples/hydra_metadata/data/AuxiliaryFiles/sourceplates/robot_runlogs/20200124_shuffle1_runlog_clean.csv,1,7,
CSCA109859,BS,0.3,uM,2,D11,Syngenta3doses_02,2,L02,11,/Users/ibarlow/tierpsytools_python/examples/hydra_metadata/data/AuxiliaryFiles/sourceplates/robot_runlogs/20200124_shuffle1_runlog_clean.csv,1,7,
CSCA136013,BT,30.0,uM,2,D12,Syngenta3doses_02,2,L02,12,/Users/ibarlow/tierpsytools_python/examples/hydra_metadata/data/AuxiliaryFiles/sourceplates/robot_runlogs/20200124_shuffle1_runlog_clean.csv,1,7,
CSCA136013,BT,3.0,uM,2,E1,Syngenta3doses_02,2,L02,1,/Users/ibarlow/tierpsytools_python/examples/hydra_metadata/data/AuxiliaryFiles/sourceplates/robot_runlogs/20200124_shuffle1_runlog_clean.csv,1,7,
CSCA136013,BT,0.3,uM,2,E2,Syngenta3doses_02,2,L02,2,/Users/ibarlow/tierpsytools_python/examples/hydra_metadata/data/AuxiliaryFiles/sourceplates/robot_runlogs/20200124_shuffle1_runlog_clean.csv,1,7,
CSCC202642,BU,10.0,uM,2,E3,Syngenta3doses_02,2,L02,3,/Users/ibarlow/tierpsytools_python/examples/hydra_metadata/data/AuxiliaryFiles/sourceplates/robot_runlogs/20200124_shuffle1_runlog_clean.csv,1,7,
CSCC202642,BU,3.0,uM,2,E4,Syngenta3doses_02,2,L02,4,/Users/ibarlow/tierpsytools_python/examples/hydra_metadata/data/AuxiliaryFiles/sourceplates/robot_runlogs/20200124_shuffle1_runlog_clean.csv,1,7,
CSCC202642,BU,0.1,uM,2,E5,Syngenta3doses_02,2,L02,5,/Users/ibarlow/tierpsytools_python/examples/hydra_metadata/data/AuxiliaryFiles/sourceplates/robot_runlogs/20200124_shuffle1_runlog_clean.csv,1,7,
CSCC218769,BV,10.0,uM,2,E6,Syngenta3doses_02,2,L02,6,/Users/ibarlow/tierpsytools_python/examples/hydra_metadata/data/AuxiliaryFiles/sourceplates/robot_runlogs/20200124_shuffle1_runlog_clean.csv,1,7,
CSCC218769,BV,1.0,uM,2,E7,Syngenta3doses_02,2,L02,7,/Users/ibarlow/tierpsytools_python/examples/hydra_metadata/data/AuxiliaryFiles/sourceplates/robot_runlogs/20200124_shuffle1_runlog_clean.csv,1,7,
CSCC218769,BV,0.1,uM,2,E8,Syngenta3doses_02,2,L02,8,/Users/ibarlow/tierpsytools_python/examples/hydra_metadata/data/AuxiliaryFiles/sourceplates/robot_runlogs/20200124_shuffle1_runlog_clean.csv,1,7,
CSCC222657,BW,10.0,uM,2,E9,Syngenta3doses_02,2,L02,9,/Users/ibarlow/tierpsytools_python/examples/hydra_metadata/data/AuxiliaryFiles/sourceplates/robot_runlogs/20200124_shuffle1_runlog_clean.csv,1,7,
CSCC222657,BW,1.0,uM,2,E10,Syngenta3doses_02,2,L02,10,/Users/ibarlow/tierpsytools_python/examples/hydra_metadata/data/AuxiliaryFiles/sourceplates/robot_runlogs/20200124_shuffle1_runlog_clean.csv,1,7,
CSCC222657,BW,0.1,uM,2,E11,Syngenta3doses_02,2,L02,11,/Users/ibarlow/tierpsytools_python/examples/hydra_metadata/data/AuxiliaryFiles/sourceplates/robot_runlogs/20200124_shuffle1_runlog_clean.csv,1,7,
CSCC223039,BX,10.0,uM,2,E12,Syngenta3doses_02,2,L02,12,/Users/ibarlow/tierpsytools_python/examples/hydra_metadata/data/AuxiliaryFiles/sourceplates/robot_runlogs/20200124_shuffle1_runlog_clean.csv,1,7,
CSCC223039,BX,1.0,uM,2,F1,Syngenta3doses_02,2,L02,1,/Users/ibarlow/tierpsytools_python/examples/hydra_metadata/data/AuxiliaryFiles/sourceplates/robot_runlogs/20200124_shuffle1_runlog_clean.csv,1,7,
CSCC223039,BX,0.1,uM,2,F2,Syngenta3doses_02,2,L02,2,/Users/ibarlow/tierpsytools_python/examples/hydra_metadata/data/AuxiliaryFiles/sourceplates/robot_runlogs/20200124_shuffle1_runlog_clean.csv,1,7,
CSCC232026,BY,10.0,uM,2,F3,Syngenta3doses_02,2,L02,3,/Users/ibarlow/tierpsytools_python/examples/hydra_metadata/data/AuxiliaryFiles/sourceplates/robot_runlogs/20200124_shuffle1_runlog_clean.csv,1,7,
CSCC232026,BY,3.0,uM,2,F4,Syngenta3doses_02,2,L02,4,/Users/ibarlow/tierpsytools_python/examples/hydra_metadata/data/AuxiliaryFiles/sourceplates/robot_runlogs/20200124_shuffle1_runlog_clean.csv,1,7,
CSCC232026,BY,0.1,uM,2,F5,Syngenta3doses_02,2,L02,5,/Users/ibarlow/tierpsytools_python/examples/hydra_metadata/data/AuxiliaryFiles/sourceplates/robot_runlogs/20200124_shuffle1_runlog_clean.csv,1,7,
CSCC232759,BZ,30.0,uM,2,F6,Syngenta3doses_02,2,L02,6,/Users/ibarlow/tierpsytools_python/examples/hydra_metadata/data/AuxiliaryFiles/sourceplates/robot_runlogs/20200124_shuffle1_runlog_clean.csv,1,7,
CSCC232759,BZ,3.0,uM,2,F7,Syngenta3doses_02,2,L02,7,/Users/ibarlow/tierpsytools_python/examples/hydra_metadata/data/AuxiliaryFiles/sourceplates/robot_runlogs/20200124_shuffle1_runlog_clean.csv,1,7,
CSCC232759,BZ,0.3,uM,2,F8,Syngenta3doses_02,2,L02,8,/Users/ibarlow/tierpsytools_python/examples/hydra_metadata/data/AuxiliaryFiles/sourceplates/robot_runlogs/20200124_shuffle1_runlog_clean.csv,1,7,
CSAA021296,C,150.0,uM,2,F9,Syngenta3doses_02,2,L02,9,/Users/ibarlow/tierpsytools_python/examples/hydra_metadata/data/AuxiliaryFiles/sourceplates/robot_runlogs/20200124_shuffle1_runlog_clean.csv,1,7,
CSAA021296,C,10.0,uM,2,F10,Syngenta3doses_02,2,L02,10,/Users/ibarlow/tierpsytools_python/examples/hydra_metadata/data/AuxiliaryFiles/sourceplates/robot_runlogs/20200124_shuffle1_runlog_clean.csv,1,7,
CSAA021296,C,1.0,uM,2,F11,Syngenta3doses_02,2,L02,11,/Users/ibarlow/tierpsytools_python/examples/hydra_metadata/data/AuxiliaryFiles/sourceplates/robot_runlogs/20200124_shuffle1_runlog_clean.csv,1,7,
CSCC812553,CA,30.0,uM,2,F12,Syngenta3doses_02,2,L02,12,/Users/ibarlow/tierpsytools_python/examples/hydra_metadata/data/AuxiliaryFiles/sourceplates/robot_runlogs/20200124_shuffle1_runlog_clean.csv,1,7,
CSCC812553,CA,10.0,uM,2,G1,Syngenta3doses_02,2,L02,1,/Users/ibarlow/tierpsytools_python/examples/hydra_metadata/data/AuxiliaryFiles/sourceplates/robot_runlogs/20200124_shuffle1_runlog_clean.csv,1,7,
CSCC812553,CA,1.0,uM,2,G2,Syngenta3doses_02,2,L02,2,/Users/ibarlow/tierpsytools_python/examples/hydra_metadata/data/AuxiliaryFiles/sourceplates/robot_runlogs/20200124_shuffle1_runlog_clean.csv,1,7,
CSCD059161,CB,100.0,uM,2,G3,Syngenta3doses_02,2,L02,3,/Users/ibarlow/tierpsytools_python/examples/hydra_metadata/data/AuxiliaryFiles/sourceplates/robot_runlogs/20200124_shuffle1_runlog_clean.csv,1,7,
CSCD059161,CB,10.0,uM,2,G4,Syngenta3doses_02,2,L02,4,/Users/ibarlow/tierpsytools_python/examples/hydra_metadata/data/AuxiliaryFiles/sourceplates/robot_runlogs/20200124_shuffle1_runlog_clean.csv,1,7,
CSCD059161,CB,0.1,uM,2,G5,Syngenta3doses_02,2,L02,5,/Users/ibarlow/tierpsytools_python/examples/hydra_metadata/data/AuxiliaryFiles/sourceplates/robot_runlogs/20200124_shuffle1_runlog_clean.csv,1,7,
CSCD675030,CC,100.0,uM,2,G6,Syngenta3doses_02,2,L02,6,/Users/ibarlow/tierpsytools_python/examples/hydra_metadata/data/AuxiliaryFiles/sourceplates/robot_runlogs/20200124_shuffle1_runlog_clean.csv,1,7,
CSCD675030,CC,10.0,uM,2,G7,Syngenta3doses_02,2,L02,7,/Users/ibarlow/tierpsytools_python/examples/hydra_metadata/data/AuxiliaryFiles/sourceplates/robot_runlogs/20200124_shuffle1_runlog_clean.csv,1,7,
CSCD675030,CC,0.1,uM,2,G8,Syngenta3doses_02,2,L02,8,/Users/ibarlow/tierpsytools_python/examples/hydra_metadata/data/AuxiliaryFiles/sourceplates/robot_runlogs/20200124_shuffle1_runlog_clean.csv,1,7,
CSCD676431,CD,150.0,uM,2,G9,Syngenta3doses_02,2,L02,9,/Users/ibarlow/tierpsytools_python/examples/hydra_metadata/data/AuxiliaryFiles/sourceplates/robot_runlogs/20200124_shuffle1_runlog_clean.csv,1,7,
CSCD676431,CD,10.0,uM,2,G10,Syngenta3doses_02,2,L02,10,/Users/ibarlow/tierpsytools_python/examples/hydra_metadata/data/AuxiliaryFiles/sourceplates/robot_runlogs/20200124_shuffle1_runlog_clean.csv,1,7,
CSCD676431,CD,1.0,uM,2,G11,Syngenta3doses_02,2,L02,11,/Users/ibarlow/tierpsytools_python/examples/hydra_metadata/data/AuxiliaryFiles/sourceplates/robot_runlogs/20200124_shuffle1_runlog_clean.csv,1,7,
CSCD677230,CE,50.0,uM,2,G12,Syngenta3doses_02,2,L02,12,/Users/ibarlow/tierpsytools_python/examples/hydra_metadata/data/AuxiliaryFiles/sourceplates/robot_runlogs/20200124_shuffle1_runlog_clean.csv,1,7,
CSCD677230,CE,10.0,uM,2,H1,Syngenta3doses_02,2,L02,1,/Users/ibarlow/tierpsytools_python/examples/hydra_metadata/data/AuxiliaryFiles/sourceplates/robot_runlogs/20200124_shuffle1_runlog_clean.csv,1,7,
CSCD677230,CE,1.0,uM,2,H2,Syngenta3doses_02,2,L02,2,/Users/ibarlow/tierpsytools_python/examples/hydra_metadata/data/AuxiliaryFiles/sourceplates/robot_runlogs/20200124_shuffle1_runlog_clean.csv,1,7,
CSCV912495,CF,150.0,uM,2,H3,Syngenta3doses_02,2,L02,3,/Users/ibarlow/tierpsytools_python/examples/hydra_metadata/data/AuxiliaryFiles/sourceplates/robot_runlogs/20200124_shuffle1_runlog_clean.csv,1,7,True
CSCV912495,CF,100.0,uM,2,H4,Syngenta3doses_02,2,L02,4,/Users/ibarlow/tierpsytools_python/examples/hydra_metadata/data/AuxiliaryFiles/sourceplates/robot_runlogs/20200124_shuffle1_runlog_clean.csv,1,7,True
CSCV912495,CF,10.0,uM,2,H5,Syngenta3doses_02,2,L02,5,/Users/ibarlow/tierpsytools_python/examples/hydra_metadata/data/AuxiliaryFiles/sourceplates/robot_runlogs/20200124_shuffle1_runlog_clean.csv,1,7,True
CSCX230768,CG,150.0,uM,2,H6,Syngenta3doses_02,2,L02,6,/Users/ibarlow/tierpsytools_python/examples/hydra_metadata/data/AuxiliaryFiles/sourceplates/robot_runlogs/20200124_shuffle1_runlog_clean.csv,1,7,
CSCX230768,CG,10.0,uM,2,H7,Syngenta3doses_02,2,L02,7,/Users/ibarlow/tierpsytools_python/examples/hydra_metadata/data/AuxiliaryFiles/sourceplates/robot_runlogs/20200124_shuffle1_runlog_clean.csv,1,7,
CSCX230768,CG,1.0,uM,2,H8,Syngenta3doses_02,2,L02,8,/Users/ibarlow/tierpsytools_python/examples/hydra_metadata/data/AuxiliaryFiles/sourceplates/robot_runlogs/20200124_shuffle1_runlog_clean.csv,1,7,
DMSO,DMSO,0.1,%,2,H9,Syngenta3doses_02,2,L02,9,/Users/ibarlow/tierpsytools_python/examples/hydra_metadata/data/AuxiliaryFiles/sourceplates/robot_runlogs/20200124_shuffle1_runlog_clean.csv,1,7,
NoCompound,NoCompound,0.0,na,2,H10,Syngenta3doses_02,2,L02,10,/Users/ibarlow/tierpsytools_python/examples/hydra_metadata/data/AuxiliaryFiles/sourceplates/robot_runlogs/20200124_shuffle1_runlog_clean.csv,1,7,
CSDH053139,CH,10.0,uM,2,H11,Syngenta3doses_02,2,L02,11,/Users/ibarlow/tierpsytools_python/examples/hydra_metadata/data/AuxiliaryFiles/sourceplates/robot_runlogs/20200124_shuffle1_runlog_clean.csv,1,7,
CSDH053139,CH,1.0,uM,2,H12,Syngenta3doses_02,2,L02,12,/Users/ibarlow/tierpsytools_python/examples/hydra_metadata/data/AuxiliaryFiles/sourceplates/robot_runlogs/20200124_shuffle1_runlog_clean.csv,1,7,
CSDH053139,CH,0.1,uM,3,A1,Syngenta3doses_03,3,L03,1,/Users/ibarlow/tierpsytools_python/examples/hydra_metadata/data/AuxiliaryFiles/sourceplates/robot_runlogs/20200124_shuffle1_runlog_clean.csv,1,4,
CSAA008422,CI,100.0,uM,3,A2,Syngenta3doses_03,3,L03,2,/Users/ibarlow/tierpsytools_python/examples/hydra_metadata/data/AuxiliaryFiles/sourceplates/robot_runlogs/20200124_shuffle1_runlog_clean.csv,1,4,True
CSAA008422,CI,10.0,uM,3,A3,Syngenta3doses_03,3,L03,3,/Users/ibarlow/tierpsytools_python/examples/hydra_metadata/data/AuxiliaryFiles/sourceplates/robot_runlogs/20200124_shuffle1_runlog_clean.csv,1,4,
CSAA008422,CI,1.0,uM,3,A4,Syngenta3doses_03,3,L03,4,/Users/ibarlow/tierpsytools_python/examples/hydra_metadata/data/AuxiliaryFiles/sourceplates/robot_runlogs/20200124_shuffle1_runlog_clean.csv,1,4,
CSAA011647,CJ,30.0,uM,3,A5,Syngenta3doses_03,3,L03,5,/Users/ibarlow/tierpsytools_python/examples/hydra_metadata/data/AuxiliaryFiles/sourceplates/robot_runlogs/20200124_shuffle1_runlog_clean.csv,1,4,
CSAA011647,CJ,3.0,uM,3,A6,Syngenta3doses_03,3,L03,6,/Users/ibarlow/tierpsytools_python/examples/hydra_metadata/data/AuxiliaryFiles/sourceplates/robot_runlogs/20200124_shuffle1_runlog_clean.csv,1,4,
CSAA011647,CJ,0.3,uM,3,A7,Syngenta3doses_03,3,L03,7,/Users/ibarlow/tierpsytools_python/examples/hydra_metadata/data/AuxiliaryFiles/sourceplates/robot_runlogs/20200124_shuffle1_runlog_clean.csv,1,4,
CSAA012836,CK,150.0,uM,3,A8,Syngenta3doses_03,3,L03,8,/Users/ibarlow/tierpsytools_python/examples/hydra_metadata/data/AuxiliaryFiles/sourceplates/robot_runlogs/20200124_shuffle1_runlog_clean.csv,1,4,
CSAA012836,CK,30.0,uM,3,A9,Syngenta3doses_03,3,L03,9,/Users/ibarlow/tierpsytools_python/examples/hydra_metadata/data/AuxiliaryFiles/sourceplates/robot_runlogs/20200124_shuffle1_runlog_clean.csv,1,4,
CSAA012836,CK,10.0,uM,3,A10,Syngenta3doses_03,3,L03,10,/Users/ibarlow/tierpsytools_python/examples/hydra_metadata/data/AuxiliaryFiles/sourceplates/robot_runlogs/20200124_shuffle1_runlog_clean.csv,1,4,
CSAA020833,CL,30.0,uM,3,A11,Syngenta3doses_03,3,L03,11,/Users/ibarlow/tierpsytools_python/examples/hydra_metadata/data/AuxiliaryFiles/sourceplates/robot_runlogs/20200124_shuffle1_runlog_clean.csv,1,4,
CSAA020833,CL,10.0,uM,3,A12,Syngenta3doses_03,3,L03,12,/Users/ibarlow/tierpsytools_python/examples/hydra_metadata/data/AuxiliaryFiles/sourceplates/robot_runlogs/20200124_shuffle1_runlog_clean.csv,1,4,
CSAA020833,CL,3.0,uM,3,B1,Syngenta3doses_03,3,L03,1,/Users/ibarlow/tierpsytools_python/examples/hydra_metadata/data/AuxiliaryFiles/sourceplates/robot_runlogs/20200124_shuffle1_runlog_clean.csv,1,4,
CSAA045292,CM,150.0,uM,3,B2,Syngenta3doses_03,3,L03,2,/Users/ibarlow/tierpsytools_python/examples/hydra_metadata/data/AuxiliaryFiles/sourceplates/robot_runlogs/20200124_shuffle1_runlog_clean.csv,1,4,
CSAA045292,CM,10.0,uM,3,B3,Syngenta3doses_03,3,L03,3,/Users/ibarlow/tierpsytools_python/examples/hydra_metadata/data/AuxiliaryFiles/sourceplates/robot_runlogs/20200124_shuffle1_runlog_clean.csv,1,4,
CSAA045292,CM,1.0,uM,3,B4,Syngenta3doses_03,3,L03,4,/Users/ibarlow/tierpsytools_python/examples/hydra_metadata/data/AuxiliaryFiles/sourceplates/robot_runlogs/20200124_shuffle1_runlog_clean.csv,1,4,
CSAA086501,CN,150.0,uM,3,B5,Syngenta3doses_03,3,L03,5,/Users/ibarlow/tierpsytools_python/examples/hydra_metadata/data/AuxiliaryFiles/sourceplates/robot_runlogs/20200124_shuffle1_runlog_clean.csv,1,4,
CSAA086501,CN,100.0,uM,3,B6,Syngenta3doses_03,3,L03,6,/Users/ibarlow/tierpsytools_python/examples/hydra_metadata/data/AuxiliaryFiles/sourceplates/robot_runlogs/20200124_shuffle1_runlog_clean.csv,1,4,
CSAA086501,CN,1.0,uM,3,B7,Syngenta3doses_03,3,L03,7,/Users/ibarlow/tierpsytools_python/examples/hydra_metadata/data/AuxiliaryFiles/sourceplates/robot_runlogs/20200124_shuffle1_runlog_clean.csv,1,4,
CSAA096273,CO,200.0,uM,3,B8,Syngenta3doses_03,3,L03,8,/Users/ibarlow/tierpsytools_python/examples/hydra_metadata/data/AuxiliaryFiles/sourceplates/robot_runlogs/20200124_shuffle1_runlog_clean.csv,1,4,
CSAA096273,CO,150.0,uM,3,B9,Syngenta3doses_03,3,L03,9,/Users/ibarlow/tierpsytools_python/examples/hydra_metadata/data/AuxiliaryFiles/sourceplates/robot_runlogs/20200124_shuffle1_runlog_clean.csv,1,4,
CSAA096273,CO,1.0,uM,3,B10,Syngenta3doses_03,3,L03,10,/Users/ibarlow/tierpsytools_python/examples/hydra_metadata/data/AuxiliaryFiles/sourceplates/robot_runlogs/20200124_shuffle1_runlog_clean.csv,1,4,
CSAA123410,CP,150.0,uM,3,B11,Syngenta3doses_03,3,L03,11,/Users/ibarlow/tierpsytools_python/examples/hydra_metadata/data/AuxiliaryFiles/sourceplates/robot_runlogs/20200124_shuffle1_runlog_clean.csv,1,4,
CSAA123410,CP,100.0,uM,3,B12,Syngenta3doses_03,3,L03,12,/Users/ibarlow/tierpsytools_python/examples/hydra_metadata/data/AuxiliaryFiles/sourceplates/robot_runlogs/20200124_shuffle1_runlog_clean.csv,1,4,
CSAA123410,CP,10.0,uM,3,C1,Syngenta3doses_03,3,L03,1,/Users/ibarlow/tierpsytools_python/examples/hydra_metadata/data/AuxiliaryFiles/sourceplates/robot_runlogs/20200124_shuffle1_runlog_clean.csv,1,4,
CSAA128717,CQ,10.0,uM,3,C2,Syngenta3doses_03,3,L03,2,/Users/ibarlow/tierpsytools_python/examples/hydra_metadata/data/AuxiliaryFiles/sourceplates/robot_runlogs/20200124_shuffle1_runlog_clean.csv,1,4,
CSAA128717,CQ,1.0,uM,3,C3,Syngenta3doses_03,3,L03,3,/Users/ibarlow/tierpsytools_python/examples/hydra_metadata/data/AuxiliaryFiles/sourceplates/robot_runlogs/20200124_shuffle1_runlog_clean.csv,1,4,
CSAA128717,CQ,0.1,uM,3,C4,Syngenta3doses_03,3,L03,4,/Users/ibarlow/tierpsytools_python/examples/hydra_metadata/data/AuxiliaryFiles/sourceplates/robot_runlogs/20200124_shuffle1_runlog_clean.csv,1,4,
CSAA241833,CR,150.0,uM,3,C5,Syngenta3doses_03,3,L03,5,/Users/ibarlow/tierpsytools_python/examples/hydra_metadata/data/AuxiliaryFiles/sourceplates/robot_runlogs/20200124_shuffle1_runlog_clean.csv,1,4,
CSAA241833,CR,10.0,uM,3,C6,Syngenta3doses_03,3,L03,6,/Users/ibarlow/tierpsytools_python/examples/hydra_metadata/data/AuxiliaryFiles/sourceplates/robot_runlogs/20200124_shuffle1_runlog_clean.csv,1,4,
CSAA241833,CR,1.0,uM,3,C7,Syngenta3doses_03,3,L03,7,/Users/ibarlow/tierpsytools_python/examples/hydra_metadata/data/AuxiliaryFiles/sourceplates/robot_runlogs/20200124_shuffle1_runlog_clean.csv,1,4,
CSCC154574,CS,150.0,uM,3,C8,Syngenta3doses_03,3,L03,8,/Users/ibarlow/tierpsytools_python/examples/hydra_metadata/data/AuxiliaryFiles/sourceplates/robot_runlogs/20200124_shuffle1_runlog_clean.csv,1,4,True
CSCC154574,CS,10.0,uM,3,C9,Syngenta3doses_03,3,L03,9,/Users/ibarlow/tierpsytools_python/examples/hydra_metadata/data/AuxiliaryFiles/sourceplates/robot_runlogs/20200124_shuffle1_runlog_clean.csv,1,4,
CSCC154574,CS,1.0,uM,3,C10,Syngenta3doses_03,3,L03,10,/Users/ibarlow/tierpsytools_python/examples/hydra_metadata/data/AuxiliaryFiles/sourceplates/robot_runlogs/20200124_shuffle1_runlog_clean.csv,1,4,
CSCC818722,CT,150.0,uM,3,C11,Syngenta3doses_03,3,L03,11,/Users/ibarlow/tierpsytools_python/examples/hydra_metadata/data/AuxiliaryFiles/sourceplates/robot_runlogs/20200124_shuffle1_runlog_clean.csv,1,4,
CSCC818722,CT,10.0,uM,3,C12,Syngenta3doses_03,3,L03,12,/Users/ibarlow/tierpsytools_python/examples/hydra_metadata/data/AuxiliaryFiles/sourceplates/robot_runlogs/20200124_shuffle1_runlog_clean.csv,1,4,
CSCC818722,CT,1.0,uM,3,D1,Syngenta3doses_03,3,L03,1,/Users/ibarlow/tierpsytools_python/examples/hydra_metadata/data/AuxiliaryFiles/sourceplates/robot_runlogs/20200124_shuffle1_runlog_clean.csv,1,4,
CSCC917641,CU,150.0,uM,3,D2,Syngenta3doses_03,3,L03,2,/Users/ibarlow/tierpsytools_python/examples/hydra_metadata/data/AuxiliaryFiles/sourceplates/robot_runlogs/20200124_shuffle1_runlog_clean.csv,1,4,
CSCC917641,CU,10.0,uM,3,D3,Syngenta3doses_03,3,L03,3,/Users/ibarlow/tierpsytools_python/examples/hydra_metadata/data/AuxiliaryFiles/sourceplates/robot_runlogs/20200124_shuffle1_runlog_clean.csv,1,4,
CSCC917641,CU,1.0,uM,3,D4,Syngenta3doses_03,3,L03,4,/Users/ibarlow/tierpsytools_python/examples/hydra_metadata/data/AuxiliaryFiles/sourceplates/robot_runlogs/20200124_shuffle1_runlog_clean.csv,1,4,
CSCD621021,CV,100.0,uM,3,D5,Syngenta3doses_03,3,L03,5,/Users/ibarlow/tierpsytools_python/examples/hydra_metadata/data/AuxiliaryFiles/sourceplates/robot_runlogs/20200124_shuffle1_runlog_clean.csv,1,4,True
CSCD621021,CV,10.0,uM,3,D6,Syngenta3doses_03,3,L03,6,/Users/ibarlow/tierpsytools_python/examples/hydra_metadata/data/AuxiliaryFiles/sourceplates/robot_runlogs/20200124_shuffle1_runlog_clean.csv,1,4,
CSCD621021,CV,3.0,uM,3,D7,Syngenta3doses_03,3,L03,7,/Users/ibarlow/tierpsytools_python/examples/hydra_metadata/data/AuxiliaryFiles/sourceplates/robot_runlogs/20200124_shuffle1_runlog_clean.csv,1,4,
CSCD625624,CW,10.0,uM,3,D8,Syngenta3doses_03,3,L03,8,/Users/ibarlow/tierpsytools_python/examples/hydra_metadata/data/AuxiliaryFiles/sourceplates/robot_runlogs/20200124_shuffle1_runlog_clean.csv,1,4,
CSCD625624,CW,1.0,uM,3,D9,Syngenta3doses_03,3,L03,9,/Users/ibarlow/tierpsytools_python/examples/hydra_metadata/data/AuxiliaryFiles/sourceplates/robot_runlogs/20200124_shuffle1_runlog_clean.csv,1,4,
CSCD625624,CW,0.1,uM,3,D10,Syngenta3doses_03,3,L03,10,/Users/ibarlow/tierpsytools_python/examples/hydra_metadata/data/AuxiliaryFiles/sourceplates/robot_runlogs/20200124_shuffle1_runlog_clean.csv,1,4,
CSCD625957,CX,30.0,uM,3,D11,Syngenta3doses_03,3,L03,11,/Users/ibarlow/tierpsytools_python/examples/hydra_metadata/data/AuxiliaryFiles/sourceplates/robot_runlogs/20200124_shuffle1_runlog_clean.csv,1,4,
CSCD625957,CX,3.0,uM,3,D12,Syngenta3doses_03,3,L03,12,/Users/ibarlow/tierpsytools_python/examples/hydra_metadata/data/AuxiliaryFiles/sourceplates/robot_runlogs/20200124_shuffle1_runlog_clean.csv,1,4,
CSCD625957,CX,0.3,uM,3,E1,Syngenta3doses_03,3,L03,1,/Users/ibarlow/tierpsytools_python/examples/hydra_metadata/data/AuxiliaryFiles/sourceplates/robot_runlogs/20200124_shuffle1_runlog_clean.csv,1,4,
CSCD653428,CY,30.0,uM,3,E2,Syngenta3doses_03,3,L03,2,/Users/ibarlow/tierpsytools_python/examples/hydra_metadata/data/AuxiliaryFiles/sourceplates/robot_runlogs/20200124_shuffle1_runlog_clean.csv,1,4,
CSCD653428,CY,10.0,uM,3,E3,Syngenta3doses_03,3,L03,3,/Users/ibarlow/tierpsytools_python/examples/hydra_metadata/data/AuxiliaryFiles/sourceplates/robot_runlogs/20200124_shuffle1_runlog_clean.csv,1,4,
CSCD653428,CY,1.0,uM,3,E4,Syngenta3doses_03,3,L03,4,/Users/ibarlow/tierpsytools_python/examples/hydra_metadata/data/AuxiliaryFiles/sourceplates/robot_runlogs/20200124_shuffle1_runlog_clean.csv,1,4,
M104-5MG,CZ,100.0,uM,3,E5,Syngenta3doses_03,3,L03,5,/Users/ibarlow/tierpsytools_python/examples/hydra_metadata/data/AuxiliaryFiles/sourceplates/robot_runlogs/20200124_shuffle1_runlog_clean.csv,1,4,True
M104-5MG,CZ,10.0,uM,3,E6,Syngenta3doses_03,3,L03,6,/Users/ibarlow/tierpsytools_python/examples/hydra_metadata/data/AuxiliaryFiles/sourceplates/robot_runlogs/20200124_shuffle1_runlog_clean.csv,1,4,
CSAA026102,D,100.0,uM,3,E7,Syngenta3doses_03,3,L03,7,/Users/ibarlow/tierpsytools_python/examples/hydra_metadata/data/AuxiliaryFiles/sourceplates/robot_runlogs/20200124_shuffle1_runlog_clean.csv,1,4,
CSAA026102,D,10.0,uM,3,E8,Syngenta3doses_03,3,L03,8,/Users/ibarlow/tierpsytools_python/examples/hydra_metadata/data/AuxiliaryFiles/sourceplates/robot_runlogs/20200124_shuffle1_runlog_clean.csv,1,4,
CSAA026102,D,1.0,uM,3,E9,Syngenta3doses_03,3,L03,9,/Users/ibarlow/tierpsytools_python/examples/hydra_metadata/data/AuxiliaryFiles/sourceplates/robot_runlogs/20200124_shuffle1_runlog_clean.csv,1,4,
CSAA403359,DA,30.0,uM,3,E10,Syngenta3doses_03,3,L03,10,/Users/ibarlow/tierpsytools_python/examples/hydra_metadata/data/AuxiliaryFiles/sourceplates/robot_runlogs/20200124_shuffle1_runlog_clean.csv,1,4,
CSAA403359,DA,10.0,uM,3,E11,Syngenta3doses_03,3,L03,11,/Users/ibarlow/tierpsytools_python/examples/hydra_metadata/data/AuxiliaryFiles/sourceplates/robot_runlogs/20200124_shuffle1_runlog_clean.csv,1,4,
CSAA403359,DA,1.0,uM,3,E12,Syngenta3doses_03,3,L03,12,/Users/ibarlow/tierpsytools_python/examples/hydra_metadata/data/AuxiliaryFiles/sourceplates/robot_runlogs/20200124_shuffle1_runlog_clean.csv,1,4,
CSAA589317,DB,100.0,uM,3,F1,Syngenta3doses_03,3,L03,1,/Users/ibarlow/tierpsytools_python/examples/hydra_metadata/data/AuxiliaryFiles/sourceplates/robot_runlogs/20200124_shuffle1_runlog_clean.csv,1,4,True
CSAA589317,DB,10.0,uM,3,F2,Syngenta3doses_03,3,L03,2,/Users/ibarlow/tierpsytools_python/examples/hydra_metadata/data/AuxiliaryFiles/sourceplates/robot_runlogs/20200124_shuffle1_runlog_clean.csv,1,4,True
CSAA589317,DB,1.0,uM,3,F3,Syngenta3doses_03,3,L03,3,/Users/ibarlow/tierpsytools_python/examples/hydra_metadata/data/AuxiliaryFiles/sourceplates/robot_runlogs/20200124_shuffle1_runlog_clean.csv,1,4,True
CSCD744360,DC,150.0,uM,3,F4,Syngenta3doses_03,3,L03,4,/Users/ibarlow/tierpsytools_python/examples/hydra_metadata/data/AuxiliaryFiles/sourceplates/robot_runlogs/20200124_shuffle1_runlog_clean.csv,1,4,
CSCD744360,DC,10.0,uM,3,F5,Syngenta3doses_03,3,L03,5,/Users/ibarlow/tierpsytools_python/examples/hydra_metadata/data/AuxiliaryFiles/sourceplates/robot_runlogs/20200124_shuffle1_runlog_clean.csv,1,4,
CSCD744360,DC,1.0,uM,3,F6,Syngenta3doses_03,3,L03,6,/Users/ibarlow/tierpsytools_python/examples/hydra_metadata/data/AuxiliaryFiles/sourceplates/robot_runlogs/20200124_shuffle1_runlog_clean.csv,1,4,
CSAA398011,DE,30.0,uM,3,F7,Syngenta3doses_03,3,L03,7,/Users/ibarlow/tierpsytools_python/examples/hydra_metadata/data/AuxiliaryFiles/sourceplates/robot_runlogs/20200124_shuffle1_runlog_clean.csv,1,4,
CSAA398011,DE,3.0,uM,3,F8,Syngenta3doses_03,3,L03,8,/Users/ibarlow/tierpsytools_python/examples/hydra_metadata/data/AuxiliaryFiles/sourceplates/robot_runlogs/20200124_shuffle1_runlog_clean.csv,1,4,
CSAA161867,E,150.0,uM,3,F9,Syngenta3doses_03,3,L03,9,/Users/ibarlow/tierpsytools_python/examples/hydra_metadata/data/AuxiliaryFiles/sourceplates/robot_runlogs/20200124_shuffle1_runlog_clean.csv,1,4,
CSAA161867,E,10.0,uM,3,F10,Syngenta3doses_03,3,L03,10,/Users/ibarlow/tierpsytools_python/examples/hydra_metadata/data/AuxiliaryFiles/sourceplates/robot_runlogs/20200124_shuffle1_runlog_clean.csv,1,4,
CSAA161867,E,1.0,uM,3,F11,Syngenta3doses_03,3,L03,11,/Users/ibarlow/tierpsytools_python/examples/hydra_metadata/data/AuxiliaryFiles/sourceplates/robot_runlogs/20200124_shuffle1_runlog_clean.csv,1,4,
CSAA044014,F,150.0,uM,3,F12,Syngenta3doses_03,3,L03,12,/Users/ibarlow/tierpsytools_python/examples/hydra_metadata/data/AuxiliaryFiles/sourceplates/robot_runlogs/20200124_shuffle1_runlog_clean.csv,1,4,
CSAA044014,F,10.0,uM,3,G1,Syngenta3doses_03,3,L03,1,/Users/ibarlow/tierpsytools_python/examples/hydra_metadata/data/AuxiliaryFiles/sourceplates/robot_runlogs/20200124_shuffle1_runlog_clean.csv,1,4,
CSAA044014,F,1.0,uM,3,G2,Syngenta3doses_03,3,L03,2,/Users/ibarlow/tierpsytools_python/examples/hydra_metadata/data/AuxiliaryFiles/sourceplates/robot_runlogs/20200124_shuffle1_runlog_clean.csv,1,4,
CSCC811993,G,30.0,uM,3,G3,Syngenta3doses_03,3,L03,3,/Users/ibarlow/tierpsytools_python/examples/hydra_metadata/data/AuxiliaryFiles/sourceplates/robot_runlogs/20200124_shuffle1_runlog_clean.csv,1,4,
CSCC811993,G,10.0,uM,3,G4,Syngenta3doses_03,3,L03,4,/Users/ibarlow/tierpsytools_python/examples/hydra_metadata/data/AuxiliaryFiles/sourceplates/robot_runlogs/20200124_shuffle1_runlog_clean.csv,1,4,
CSCC811993,G,1.0,uM,3,G5,Syngenta3doses_03,3,L03,5,/Users/ibarlow/tierpsytools_python/examples/hydra_metadata/data/AuxiliaryFiles/sourceplates/robot_runlogs/20200124_shuffle1_runlog_clean.csv,1,4,
CSAA205955,H,30.0,uM,3,G6,Syngenta3doses_03,3,L03,6,/Users/ibarlow/tierpsytools_python/examples/hydra_metadata/data/AuxiliaryFiles/sourceplates/robot_runlogs/20200124_shuffle1_runlog_clean.csv,1,4,
CSAA205955,H,10.0,uM,3,G7,Syngenta3doses_03,3,L03,7,/Users/ibarlow/tierpsytools_python/examples/hydra_metadata/data/AuxiliaryFiles/sourceplates/robot_runlogs/20200124_shuffle1_runlog_clean.csv,1,4,
CSAA205955,H,1.0,uM,3,G8,Syngenta3doses_03,3,L03,8,/Users/ibarlow/tierpsytools_python/examples/hydra_metadata/data/AuxiliaryFiles/sourceplates/robot_runlogs/20200124_shuffle1_runlog_clean.csv,1,4,
CSAA062324,I,100.0,uM,3,G9,Syngenta3doses_03,3,L03,9,/Users/ibarlow/tierpsytools_python/examples/hydra_metadata/data/AuxiliaryFiles/sourceplates/robot_runlogs/20200124_shuffle1_runlog_clean.csv,1,4,True
CSAA062324,I,10.0,uM,3,G10,Syngenta3doses_03,3,L03,10,/Users/ibarlow/tierpsytools_python/examples/hydra_metadata/data/AuxiliaryFiles/sourceplates/robot_runlogs/20200124_shuffle1_runlog_clean.csv,1,4,
CSAA062324,I,1.0,uM,3,G11,Syngenta3doses_03,3,L03,11,/Users/ibarlow/tierpsytools_python/examples/hydra_metadata/data/AuxiliaryFiles/sourceplates/robot_runlogs/20200124_shuffle1_runlog_clean.csv,1,4,
CSAA012029,J,30.0,uM,3,G12,Syngenta3doses_03,3,L03,12,/Users/ibarlow/tierpsytools_python/examples/hydra_metadata/data/AuxiliaryFiles/sourceplates/robot_runlogs/20200124_shuffle1_runlog_clean.csv,1,4,
CSAA012029,J,3.0,uM,3,H1,Syngenta3doses_03,3,L03,1,/Users/ibarlow/tierpsytools_python/examples/hydra_metadata/data/AuxiliaryFiles/sourceplates/robot_runlogs/20200124_shuffle1_runlog_clean.csv,1,4,
CSAA012029,J,0.3,uM,3,H2,Syngenta3doses_03,3,L03,2,/Users/ibarlow/tierpsytools_python/examples/hydra_metadata/data/AuxiliaryFiles/sourceplates/robot_runlogs/20200124_shuffle1_runlog_clean.csv,1,4,
CSCC812077,K,30.0,uM,3,H3,Syngenta3doses_03,3,L03,3,/Users/ibarlow/tierpsytools_python/examples/hydra_metadata/data/AuxiliaryFiles/sourceplates/robot_runlogs/20200124_shuffle1_runlog_clean.csv,1,4,
CSCC812077,K,10.0,uM,3,H4,Syngenta3doses_03,3,L03,4,/Users/ibarlow/tierpsytools_python/examples/hydra_metadata/data/AuxiliaryFiles/sourceplates/robot_runlogs/20200124_shuffle1_runlog_clean.csv,1,4,
CSCC812077,K,1.0,uM,3,H5,Syngenta3doses_03,3,L03,5,/Users/ibarlow/tierpsytools_python/examples/hydra_metadata/data/AuxiliaryFiles/sourceplates/robot_runlogs/20200124_shuffle1_runlog_clean.csv,1,4,
CSCA193403,L,150.0,uM,3,H6,Syngenta3doses_03,3,L03,6,/Users/ibarlow/tierpsytools_python/examples/hydra_metadata/data/AuxiliaryFiles/sourceplates/robot_runlogs/20200124_shuffle1_runlog_clean.csv,1,4,
CSCA193403,L,10.0,uM,3,H7,Syngenta3doses_03,3,L03,7,/Users/ibarlow/tierpsytools_python/examples/hydra_metadata/data/AuxiliaryFiles/sourceplates/robot_runlogs/20200124_shuffle1_runlog_clean.csv,1,4,
CSCA193403,L,1.0,uM,3,H8,Syngenta3doses_03,3,L03,8,/Users/ibarlow/tierpsytools_python/examples/hydra_metadata/data/AuxiliaryFiles/sourceplates/robot_runlogs/20200124_shuffle1_runlog_clean.csv,1,4,
DMSO,DMSO,0.1,%,3,H9,Syngenta3doses_03,3,L03,9,/Users/ibarlow/tierpsytools_python/examples/hydra_metadata/data/AuxiliaryFiles/sourceplates/robot_runlogs/20200124_shuffle1_runlog_clean.csv,1,4,
NoCompound,NoCompound,0.0,na,3,H10,Syngenta3doses_03,3,L03,10,/Users/ibarlow/tierpsytools_python/examples/hydra_metadata/data/AuxiliaryFiles/sourceplates/robot_runlogs/20200124_shuffle1_runlog_clean.csv,1,4,
CSAA005330,M,100.0,uM,3,H11,Syngenta3doses_03,3,L03,11,/Users/ibarlow/tierpsytools_python/examples/hydra_metadata/data/AuxiliaryFiles/sourceplates/robot_runlogs/20200124_shuffle1_runlog_clean.csv,1,4,
CSAA005330,M,10.0,uM,3,H12,Syngenta3doses_03,3,L03,12,/Users/ibarlow/tierpsytools_python/examples/hydra_metadata/data/AuxiliaryFiles/sourceplates/robot_runlogs/20200124_shuffle1_runlog_clean.csv,1,4,
CSAA005330,M,1.0,uM,4,A1,Syngenta3doses_04,4,L04,1,/Users/ibarlow/tierpsytools_python/examples/hydra_metadata/data/AuxiliaryFiles/sourceplates/robot_runlogs/20200124_shuffle1_runlog_clean.csv,1,1,
CSAA023508,NN,150.0,uM,4,A2,Syngenta3doses_04,4,L04,2,/Users/ibarlow/tierpsytools_python/examples/hydra_metadata/data/AuxiliaryFiles/sourceplates/robot_runlogs/20200124_shuffle1_runlog_clean.csv,1,1,
CSAA023508,NN,10.0,uM,4,A3,Syngenta3doses_04,4,L04,3,/Users/ibarlow/tierpsytools_python/examples/hydra_metadata/data/AuxiliaryFiles/sourceplates/robot_runlogs/20200124_shuffle1_runlog_clean.csv,1,1,
CSAA023508,NN,1.0,uM,4,A4,Syngenta3doses_04,4,L04,4,/Users/ibarlow/tierpsytools_python/examples/hydra_metadata/data/AuxiliaryFiles/sourceplates/robot_runlogs/20200124_shuffle1_runlog_clean.csv,1,1,
CSAA383699,N,30.0,uM,4,A5,Syngenta3doses_04,4,L04,5,/Users/ibarlow/tierpsytools_python/examples/hydra_metadata/data/AuxiliaryFiles/sourceplates/robot_runlogs/20200124_shuffle1_runlog_clean.csv,1,1,
CSAA383699,N,10.0,uM,4,A6,Syngenta3doses_04,4,L04,6,/Users/ibarlow/tierpsytools_python/examples/hydra_metadata/data/AuxiliaryFiles/sourceplates/robot_runlogs/20200124_shuffle1_runlog_clean.csv,1,1,
CSAA383699,N,1.0,uM,4,A7,Syngenta3doses_04,4,L04,7,/Users/ibarlow/tierpsytools_python/examples/hydra_metadata/data/AuxiliaryFiles/sourceplates/robot_runlogs/20200124_shuffle1_runlog_clean.csv,1,1,
CSAA466656,O,150.0,uM,4,A8,Syngenta3doses_04,4,L04,8,/Users/ibarlow/tierpsytools_python/examples/hydra_metadata/data/AuxiliaryFiles/sourceplates/robot_runlogs/20200124_shuffle1_runlog_clean.csv,1,1,
CSAA466656,O,100.0,uM,4,A9,Syngenta3doses_04,4,L04,9,/Users/ibarlow/tierpsytools_python/examples/hydra_metadata/data/AuxiliaryFiles/sourceplates/robot_runlogs/20200124_shuffle1_runlog_clean.csv,1,1,
CSAA466656,O,1.0,uM,4,A10,Syngenta3doses_04,4,L04,10,/Users/ibarlow/tierpsytools_python/examples/hydra_metadata/data/AuxiliaryFiles/sourceplates/robot_runlogs/20200124_shuffle1_runlog_clean.csv,1,1,
CSCD067122,P,30.0,uM,4,A11,Syngenta3doses_04,4,L04,11,/Users/ibarlow/tierpsytools_python/examples/hydra_metadata/data/AuxiliaryFiles/sourceplates/robot_runlogs/20200124_shuffle1_runlog_clean.csv,1,1,
CSCD067122,P,10.0,uM,4,A12,Syngenta3doses_04,4,L04,12,/Users/ibarlow/tierpsytools_python/examples/hydra_metadata/data/AuxiliaryFiles/sourceplates/robot_runlogs/20200124_shuffle1_runlog_clean.csv,1,1,
CSCD067122,P,1.0,uM,4,B1,Syngenta3doses_04,4,L04,1,/Users/ibarlow/tierpsytools_python/examples/hydra_metadata/data/AuxiliaryFiles/sourceplates/robot_runlogs/20200124_shuffle1_runlog_clean.csv,1,1,
CSCD702471,Q,3.0,uM,4,B2,Syngenta3doses_04,4,L04,2,/Users/ibarlow/tierpsytools_python/examples/hydra_metadata/data/AuxiliaryFiles/sourceplates/robot_runlogs/20200124_shuffle1_runlog_clean.csv,1,1,
CSCD702471,Q,1.0,uM,4,B3,Syngenta3doses_04,4,L04,3,/Users/ibarlow/tierpsytools_python/examples/hydra_metadata/data/AuxiliaryFiles/sourceplates/robot_runlogs/20200124_shuffle1_runlog_clean.csv,1,1,
CSCD702471,Q,0.1,uM,4,B4,Syngenta3doses_04,4,L04,4,/Users/ibarlow/tierpsytools_python/examples/hydra_metadata/data/AuxiliaryFiles/sourceplates/robot_runlogs/20200124_shuffle1_runlog_clean.csv,1,1,
CSCC151725,R,100.0,uM,4,B5,Syngenta3doses_04,4,L04,5,/Users/ibarlow/tierpsytools_python/examples/hydra_metadata/data/AuxiliaryFiles/sourceplates/robot_runlogs/20200124_shuffle1_runlog_clean.csv,1,1,
CSCC151725,R,10.0,uM,4,B6,Syngenta3doses_04,4,L04,6,/Users/ibarlow/tierpsytools_python/examples/hydra_metadata/data/AuxiliaryFiles/sourceplates/robot_runlogs/20200124_shuffle1_runlog_clean.csv,1,1,
CSCC151725,R,1.0,uM,4,B7,Syngenta3doses_04,4,L04,7,/Users/ibarlow/tierpsytools_python/examples/hydra_metadata/data/AuxiliaryFiles/sourceplates/robot_runlogs/20200124_shuffle1_runlog_clean.csv,1,1,
CSCD563206,S,30.0,uM,4,B8,Syngenta3doses_04,4,L04,8,/Users/ibarlow/tierpsytools_python/examples/hydra_metadata/data/AuxiliaryFiles/sourceplates/robot_runlogs/20200124_shuffle1_runlog_clean.csv,1,1,
CSCD563206,S,3.0,uM,4,B9,Syngenta3doses_04,4,L04,9,/Users/ibarlow/tierpsytools_python/examples/hydra_metadata/data/AuxiliaryFiles/sourceplates/robot_runlogs/20200124_shuffle1_runlog_clean.csv,1,1,
CSCD563206,S,0.3,uM,4,B10,Syngenta3doses_04,4,L04,10,/Users/ibarlow/tierpsytools_python/examples/hydra_metadata/data/AuxiliaryFiles/sourceplates/robot_runlogs/20200124_shuffle1_runlog_clean.csv,1,1,
CSCD059752,T,3.0,uM,4,B11,Syngenta3doses_04,4,L04,11,/Users/ibarlow/tierpsytools_python/examples/hydra_metadata/data/AuxiliaryFiles/sourceplates/robot_runlogs/20200124_shuffle1_runlog_clean.csv,1,1,
CSCD059752,T,1.0,uM,4,B12,Syngenta3doses_04,4,L04,12,/Users/ibarlow/tierpsytools_python/examples/hydra_metadata/data/AuxiliaryFiles/sourceplates/robot_runlogs/20200124_shuffle1_runlog_clean.csv,1,1,
CSCD059752,T,0.1,uM,4,C1,Syngenta3doses_04,4,L04,1,/Users/ibarlow/tierpsytools_python/examples/hydra_metadata/data/AuxiliaryFiles/sourceplates/robot_runlogs/20200124_shuffle1_runlog_clean.csv,1,1,
CSCD438313,U,30.0,uM,4,C2,Syngenta3doses_04,4,L04,2,/Users/ibarlow/tierpsytools_python/examples/hydra_metadata/data/AuxiliaryFiles/sourceplates/robot_runlogs/20200124_shuffle1_runlog_clean.csv,1,1,
CSCD438313,U,3.0,uM,4,C3,Syngenta3doses_04,4,L04,3,/Users/ibarlow/tierpsytools_python/examples/hydra_metadata/data/AuxiliaryFiles/sourceplates/robot_runlogs/20200124_shuffle1_runlog_clean.csv,1,1,
CSCD438313,U,0.3,uM,4,C4,Syngenta3doses_04,4,L04,4,/Users/ibarlow/tierpsytools_python/examples/hydra_metadata/data/AuxiliaryFiles/sourceplates/robot_runlogs/20200124_shuffle1_runlog_clean.csv,1,1,
CSAA202913,V,100.0,uM,4,C5,Syngenta3doses_04,4,L04,5,/Users/ibarlow/tierpsytools_python/examples/hydra_metadata/data/AuxiliaryFiles/sourceplates/robot_runlogs/20200124_shuffle1_runlog_clean.csv,1,1,
CSAA202913,V,10.0,uM,4,C6,Syngenta3doses_04,4,L04,6,/Users/ibarlow/tierpsytools_python/examples/hydra_metadata/data/AuxiliaryFiles/sourceplates/robot_runlogs/20200124_shuffle1_runlog_clean.csv,1,1,
CSAA202913,V,1.0,uM,4,C7,Syngenta3doses_04,4,L04,7,/Users/ibarlow/tierpsytools_python/examples/hydra_metadata/data/AuxiliaryFiles/sourceplates/robot_runlogs/20200124_shuffle1_runlog_clean.csv,1,1,
CSCA988072,X,10.0,uM,4,C8,Syngenta3doses_04,4,L04,8,/Users/ibarlow/tierpsytools_python/examples/hydra_metadata/data/AuxiliaryFiles/sourceplates/robot_runlogs/20200124_shuffle1_runlog_clean.csv,1,1,
CSCA988072,X,1.0,uM,4,C9,Syngenta3doses_04,4,L04,9,/Users/ibarlow/tierpsytools_python/examples/hydra_metadata/data/AuxiliaryFiles/sourceplates/robot_runlogs/20200124_shuffle1_runlog_clean.csv,1,1,
CSCA988072,X,0.1,uM,4,C10,Syngenta3doses_04,4,L04,10,/Users/ibarlow/tierpsytools_python/examples/hydra_metadata/data/AuxiliaryFiles/sourceplates/robot_runlogs/20200124_shuffle1_runlog_clean.csv,1,1,
CSCD085077,Y,30.0,uM,4,C11,Syngenta3doses_04,4,L04,11,/Users/ibarlow/tierpsytools_python/examples/hydra_metadata/data/AuxiliaryFiles/sourceplates/robot_runlogs/20200124_shuffle1_runlog_clean.csv,1,1,
CSCD085077,Y,10.0,uM,4,C12,Syngenta3doses_04,4,L04,12,/Users/ibarlow/tierpsytools_python/examples/hydra_metadata/data/AuxiliaryFiles/sourceplates/robot_runlogs/20200124_shuffle1_runlog_clean.csv,1,1,
CSCD085077,Y,1.0,uM,4,D1,Syngenta3doses_04,4,L04,1,/Users/ibarlow/tierpsytools_python/examples/hydra_metadata/data/AuxiliaryFiles/sourceplates/robot_runlogs/20200124_shuffle1_runlog_clean.csv,1,1,
CSAA020364,,10.0,uM,4,D2,Syngenta3doses_04,4,L04,2,/Users/ibarlow/tierpsytools_python/examples/hydra_metadata/data/AuxiliaryFiles/sourceplates/robot_runlogs/20200124_shuffle1_runlog_clean.csv,1,1,
CSAA020364,,1.0,uM,4,D3,Syngenta3doses_04,4,L04,3,/Users/ibarlow/tierpsytools_python/examples/hydra_metadata/data/AuxiliaryFiles/sourceplates/robot_runlogs/20200124_shuffle1_runlog_clean.csv,1,1,
CSAA020364,,0.1,uM,4,D4,Syngenta3doses_04,4,L04,4,/Users/ibarlow/tierpsytools_python/examples/hydra_metadata/data/AuxiliaryFiles/sourceplates/robot_runlogs/20200124_shuffle1_runlog_clean.csv,1,1,
CSCC950192,,100.0,uM,4,D5,Syngenta3doses_04,4,L04,5,/Users/ibarlow/tierpsytools_python/examples/hydra_metadata/data/AuxiliaryFiles/sourceplates/robot_runlogs/20200124_shuffle1_runlog_clean.csv,1,1,
CSCC950192,,10.0,uM,4,D6,Syngenta3doses_04,4,L04,6,/Users/ibarlow/tierpsytools_python/examples/hydra_metadata/data/AuxiliaryFiles/sourceplates/robot_runlogs/20200124_shuffle1_runlog_clean.csv,1,1,
CSCC950192,,1.0,uM,4,D7,Syngenta3doses_04,4,L04,7,/Users/ibarlow/tierpsytools_python/examples/hydra_metadata/data/AuxiliaryFiles/sourceplates/robot_runlogs/20200124_shuffle1_runlog_clean.csv,1,1,
CSCD532488,,100.0,uM,4,D8,Syngenta3doses_04,4,L04,8,/Users/ibarlow/tierpsytools_python/examples/hydra_metadata/data/AuxiliaryFiles/sourceplates/robot_runlogs/20200124_shuffle1_runlog_clean.csv,1,1,
CSCD532488,,10.0,uM,4,D9,Syngenta3doses_04,4,L04,9,/Users/ibarlow/tierpsytools_python/examples/hydra_metadata/data/AuxiliaryFiles/sourceplates/robot_runlogs/20200124_shuffle1_runlog_clean.csv,1,1,
CSCD532488,,0.1,uM,4,D10,Syngenta3doses_04,4,L04,10,/Users/ibarlow/tierpsytools_python/examples/hydra_metadata/data/AuxiliaryFiles/sourceplates/robot_runlogs/20200124_shuffle1_runlog_clean.csv,1,1,
DMSO,DMSO,0.1,%,4,D11,Syngenta3doses_04,4,L04,11,/Users/ibarlow/tierpsytools_python/examples/hydra_metadata/data/AuxiliaryFiles/sourceplates/robot_runlogs/20200124_shuffle1_runlog_clean.csv,1,1,
NoCompound,NoCompound,0.0,na,4,D12,Syngenta3doses_04,4,L04,12,/Users/ibarlow/tierpsytools_python/examples/hydra_metadata/data/AuxiliaryFiles/sourceplates/robot_runlogs/20200124_shuffle1_runlog_clean.csv,1,1,
