stock_plate_id,source_plate_id,column,drug_type,imaging_plate_drug_concentration,imaging_plate_drug_concentration_units,robot_runlog_filename,source_robotslot,water_robotslot,robot_run_number,bad_wells
Synstock_R12_S8,1,1,DMSO,0.1,%,/Volumes/behavgenom$/Ida/Data/Hydra/SyngentaScreen/AuxiliaryFiles/20191213/20191212_robot_runlogs/20191212_103334_runlog.csv,1,9,1,
Synstock_R12_S8,1,2,CSAA026102,100,uM,/Volumes/behavgenom$/Ida/Data/Hydra/SyngentaScreen/AuxiliaryFiles/20191213/20191212_robot_runlogs/20191212_103334_runlog.csv,1,9,1,
Synstock_R12_S8,1,3,CSAA026102,30,uM,/Volumes/behavgenom$/Ida/Data/Hydra/SyngentaScreen/AuxiliaryFiles/20191213/20191212_robot_runlogs/20191212_103334_runlog.csv,1,9,1,
Synstock_R12_S8,1,4,CSAA026102,10,uM,/Volumes/behavgenom$/Ida/Data/Hydra/SyngentaScreen/AuxiliaryFiles/20191213/20191212_robot_runlogs/20191212_103334_runlog.csv,1,9,1,
Synstock_R12_S8,1,5,CSAA026102,3,uM,/Volumes/behavgenom$/Ida/Data/Hydra/SyngentaScreen/AuxiliaryFiles/20191213/20191212_robot_runlogs/20191212_103334_runlog.csv,1,9,1,
Synstock_R12_S8,1,6,CSAA026102,1,uM,/Volumes/behavgenom$/Ida/Data/Hydra/SyngentaScreen/AuxiliaryFiles/20191213/20191212_robot_runlogs/20191212_103334_runlog.csv,1,9,1,
Synstock_R12_S8,1,7,CSAA161867,100,uM,/Volumes/behavgenom$/Ida/Data/Hydra/SyngentaScreen/AuxiliaryFiles/20191213/20191212_robot_runlogs/20191212_103334_runlog.csv,1,9,1,
Synstock_R12_S8,1,8,CSAA161867,30,uM,/Volumes/behavgenom$/Ida/Data/Hydra/SyngentaScreen/AuxiliaryFiles/20191213/20191212_robot_runlogs/20191212_103334_runlog.csv,1,9,1,
Synstock_R12_S8,1,9,CSAA161867,10,uM,/Volumes/behavgenom$/Ida/Data/Hydra/SyngentaScreen/AuxiliaryFiles/20191213/20191212_robot_runlogs/20191212_103334_runlog.csv,1,9,1,
Synstock_R12_S8,1,10,CSAA161867,3,uM,/Volumes/behavgenom$/Ida/Data/Hydra/SyngentaScreen/AuxiliaryFiles/20191213/20191212_robot_runlogs/20191212_103334_runlog.csv,1,9,1,
Synstock_R12_S8,1,11,CSAA161867,1,uM,/Volumes/behavgenom$/Ida/Data/Hydra/SyngentaScreen/AuxiliaryFiles/20191213/20191212_robot_runlogs/20191212_103334_runlog.csv,1,9,1,
Synstock_R12_S8,1,12,NoCompound,0,na,/Volumes/behavgenom$/Ida/Data/Hydra/SyngentaScreen/AuxiliaryFiles/20191213/20191212_robot_runlogs/20191212_103334_runlog.csv,1,9,1,
Synstock_R11_S7,2,1,DMSO,0.1,%,/Volumes/behavgenom$/Ida/Data/Hydra/SyngentaScreen/AuxiliaryFiles/20191213/20191212_robot_runlogs/20191212_103334_runlog.csv,4,9,1,
Synstock_R11_S7,2,2,CSCC917643,100,uM,/Volumes/behavgenom$/Ida/Data/Hydra/SyngentaScreen/AuxiliaryFiles/20191213/20191212_robot_runlogs/20191212_103334_runlog.csv,4,9,1,
Synstock_R11_S7,2,3,CSCC917643,30,uM,/Volumes/behavgenom$/Ida/Data/Hydra/SyngentaScreen/AuxiliaryFiles/20191213/20191212_robot_runlogs/20191212_103334_runlog.csv,4,9,1,
Synstock_R11_S7,2,4,CSCC917643,10,uM,/Volumes/behavgenom$/Ida/Data/Hydra/SyngentaScreen/AuxiliaryFiles/20191213/20191212_robot_runlogs/20191212_103334_runlog.csv,4,9,1,
Synstock_R11_S7,2,5,CSCC917643,3,uM,/Volumes/behavgenom$/Ida/Data/Hydra/SyngentaScreen/AuxiliaryFiles/20191213/20191212_robot_runlogs/20191212_103334_runlog.csv,4,9,1,
Synstock_R11_S7,2,6,CSCC917643,1,uM,/Volumes/behavgenom$/Ida/Data/Hydra/SyngentaScreen/AuxiliaryFiles/20191213/20191212_robot_runlogs/20191212_103334_runlog.csv,4,9,1,B6
Synstock_R11_S7,2,7,CSAA021296,100,uM,/Volumes/behavgenom$/Ida/Data/Hydra/SyngentaScreen/AuxiliaryFiles/20191213/20191212_robot_runlogs/20191212_103334_runlog.csv,4,9,1,
Synstock_R11_S7,2,8,CSAA021296,30,uM,/Volumes/behavgenom$/Ida/Data/Hydra/SyngentaScreen/AuxiliaryFiles/20191213/20191212_robot_runlogs/20191212_103334_runlog.csv,4,9,1,
Synstock_R11_S7,2,9,CSAA021296,10,uM,/Volumes/behavgenom$/Ida/Data/Hydra/SyngentaScreen/AuxiliaryFiles/20191213/20191212_robot_runlogs/20191212_103334_runlog.csv,4,9,1,
Synstock_R11_S7,2,10,CSAA021296,3,uM,/Volumes/behavgenom$/Ida/Data/Hydra/SyngentaScreen/AuxiliaryFiles/20191213/20191212_robot_runlogs/20191212_103334_runlog.csv,4,9,1,
Synstock_R11_S7,2,11,CSAA021296,1,uM,/Volumes/behavgenom$/Ida/Data/Hydra/SyngentaScreen/AuxiliaryFiles/20191213/20191212_robot_runlogs/20191212_103334_runlog.csv,4,9,1,
Synstock_R11_S7,2,12,NoCompound,0,na,/Volumes/behavgenom$/Ida/Data/Hydra/SyngentaScreen/AuxiliaryFiles/20191213/20191212_robot_runlogs/20191212_103334_runlog.csv,4,9,1,
Synstock_R10_S5,3,1,DMSO,0.1,%,/Volumes/behavgenom$/Ida/Data/Hydra/SyngentaScreen/AuxiliaryFiles/20191213/20191212_robot_runlogs/20191212_103334_runlog.csv,7,9,1,
Synstock_R10_S5,3,2,CSCC189947,100,uM,/Volumes/behavgenom$/Ida/Data/Hydra/SyngentaScreen/AuxiliaryFiles/20191213/20191212_robot_runlogs/20191212_103334_runlog.csv,7,9,1,
Synstock_R10_S5,3,3,CSCC189947,30,uM,/Volumes/behavgenom$/Ida/Data/Hydra/SyngentaScreen/AuxiliaryFiles/20191213/20191212_robot_runlogs/20191212_103334_runlog.csv,7,9,1,
Synstock_R10_S5,3,4,CSCC189947,10,uM,/Volumes/behavgenom$/Ida/Data/Hydra/SyngentaScreen/AuxiliaryFiles/20191213/20191212_robot_runlogs/20191212_103334_runlog.csv,7,9,1,
Synstock_R10_S5,3,5,CSCC189947,3,uM,/Volumes/behavgenom$/Ida/Data/Hydra/SyngentaScreen/AuxiliaryFiles/20191213/20191212_robot_runlogs/20191212_103334_runlog.csv,7,9,1,
Synstock_R10_S5,3,6,CSCC189947,1,uM,/Volumes/behavgenom$/Ida/Data/Hydra/SyngentaScreen/AuxiliaryFiles/20191213/20191212_robot_runlogs/20191212_103334_runlog.csv,7,9,1,
Synstock_R10_S5,3,7,CSAA016712,100,uM,/Volumes/behavgenom$/Ida/Data/Hydra/SyngentaScreen/AuxiliaryFiles/20191213/20191212_robot_runlogs/20191212_103334_runlog.csv,7,9,1,
Synstock_R10_S5,3,8,CSAA016712,30,uM,/Volumes/behavgenom$/Ida/Data/Hydra/SyngentaScreen/AuxiliaryFiles/20191213/20191212_robot_runlogs/20191212_103334_runlog.csv,7,9,1,
Synstock_R10_S5,3,9,CSAA016712,10,uM,/Volumes/behavgenom$/Ida/Data/Hydra/SyngentaScreen/AuxiliaryFiles/20191213/20191212_robot_runlogs/20191212_103334_runlog.csv,7,9,1,
Synstock_R10_S5,3,10,CSAA016712,3,uM,/Volumes/behavgenom$/Ida/Data/Hydra/SyngentaScreen/AuxiliaryFiles/20191213/20191212_robot_runlogs/20191212_103334_runlog.csv,7,9,1,
Synstock_R10_S5,3,11,CSAA016712,1,uM,/Volumes/behavgenom$/Ida/Data/Hydra/SyngentaScreen/AuxiliaryFiles/20191213/20191212_robot_runlogs/20191212_103334_runlog.csv,7,9,1,
Synstock_R10_S5,3,12,NoCompound,0,na,/Volumes/behavgenom$/Ida/Data/Hydra/SyngentaScreen/AuxiliaryFiles/20191213/20191212_robot_runlogs/20191212_103334_runlog.csv,7,9,1,
Synstock_R09_S4,4,1,DMSO,0.1,%,/Volumes/behavgenom$/Ida/Data/Hydra/SyngentaScreen/AuxiliaryFiles/20191213/20191212_robot_runlogs/20191212_103334_runlog.csv,10,9,1,
Synstock_R09_S4,4,2,CSAA532845,100,uM,/Volumes/behavgenom$/Ida/Data/Hydra/SyngentaScreen/AuxiliaryFiles/20191213/20191212_robot_runlogs/20191212_103334_runlog.csv,10,9,1,
Synstock_R09_S4,4,3,CSAA532845,30,uM,/Volumes/behavgenom$/Ida/Data/Hydra/SyngentaScreen/AuxiliaryFiles/20191213/20191212_robot_runlogs/20191212_103334_runlog.csv,10,9,1,
Synstock_R09_S4,4,4,CSAA532845,10,uM,/Volumes/behavgenom$/Ida/Data/Hydra/SyngentaScreen/AuxiliaryFiles/20191213/20191212_robot_runlogs/20191212_103334_runlog.csv,10,9,1,
Synstock_R09_S4,4,5,CSAA532845,3,uM,/Volumes/behavgenom$/Ida/Data/Hydra/SyngentaScreen/AuxiliaryFiles/20191213/20191212_robot_runlogs/20191212_103334_runlog.csv,10,9,1,
Synstock_R09_S4,4,6,CSAA532845,1,uM,/Volumes/behavgenom$/Ida/Data/Hydra/SyngentaScreen/AuxiliaryFiles/20191213/20191212_robot_runlogs/20191212_103334_runlog.csv,10,9,1,
Synstock_R09_S4,4,7,CSAA145723,100,uM,/Volumes/behavgenom$/Ida/Data/Hydra/SyngentaScreen/AuxiliaryFiles/20191213/20191212_robot_runlogs/20191212_103334_runlog.csv,10,9,1,
Synstock_R09_S4,4,8,CSAA145723,30,uM,/Volumes/behavgenom$/Ida/Data/Hydra/SyngentaScreen/AuxiliaryFiles/20191213/20191212_robot_runlogs/20191212_103334_runlog.csv,10,9,1,
Synstock_R09_S4,4,9,CSAA145723,10,uM,/Volumes/behavgenom$/Ida/Data/Hydra/SyngentaScreen/AuxiliaryFiles/20191213/20191212_robot_runlogs/20191212_103334_runlog.csv,10,9,1,
Synstock_R09_S4,4,10,CSAA145723,3,uM,/Volumes/behavgenom$/Ida/Data/Hydra/SyngentaScreen/AuxiliaryFiles/20191213/20191212_robot_runlogs/20191212_103334_runlog.csv,10,9,1,
Synstock_R09_S4,4,11,CSAA145723,1,uM,/Volumes/behavgenom$/Ida/Data/Hydra/SyngentaScreen/AuxiliaryFiles/20191213/20191212_robot_runlogs/20191212_103334_runlog.csv,10,9,1,
Synstock_R09_S4,4,12,NoCompound,0,na,/Volumes/behavgenom$/Ida/Data/Hydra/SyngentaScreen/AuxiliaryFiles/20191213/20191212_robot_runlogs/20191212_103334_runlog.csv,10,9,1,
Synstock_R08_S2,5,1,DMSO,0.1,%,/Volumes/behavgenom$/Ida/Data/Hydra/SyngentaScreen/AuxiliaryFiles/20191213/20191212_robot_runlogs/20191212_112931_runlog.csv,1,9,2,
Synstock_R08_S2,5,2,CSAA118599,100,uM,/Volumes/behavgenom$/Ida/Data/Hydra/SyngentaScreen/AuxiliaryFiles/20191213/20191212_robot_runlogs/20191212_112931_runlog.csv,1,9,2,
Synstock_R08_S2,5,3,CSAA118599,30,uM,/Volumes/behavgenom$/Ida/Data/Hydra/SyngentaScreen/AuxiliaryFiles/20191213/20191212_robot_runlogs/20191212_112931_runlog.csv,1,9,2,
Synstock_R08_S2,5,4,CSAA118599,10,uM,/Volumes/behavgenom$/Ida/Data/Hydra/SyngentaScreen/AuxiliaryFiles/20191213/20191212_robot_runlogs/20191212_112931_runlog.csv,1,9,2,
Synstock_R08_S2,5,5,CSAA118599,3,uM,/Volumes/behavgenom$/Ida/Data/Hydra/SyngentaScreen/AuxiliaryFiles/20191213/20191212_robot_runlogs/20191212_112931_runlog.csv,1,9,2,
Synstock_R08_S2,5,6,CSAA118599,1,uM,/Volumes/behavgenom$/Ida/Data/Hydra/SyngentaScreen/AuxiliaryFiles/20191213/20191212_robot_runlogs/20191212_112931_runlog.csv,1,9,2,
Synstock_R08_S2,5,7,CSCC944524,100,uM,/Volumes/behavgenom$/Ida/Data/Hydra/SyngentaScreen/AuxiliaryFiles/20191213/20191212_robot_runlogs/20191212_112931_runlog.csv,1,9,2,
Synstock_R08_S2,5,8,CSCC944524,30,uM,/Volumes/behavgenom$/Ida/Data/Hydra/SyngentaScreen/AuxiliaryFiles/20191213/20191212_robot_runlogs/20191212_112931_runlog.csv,1,9,2,
Synstock_R08_S2,5,9,CSCC944524,10,uM,/Volumes/behavgenom$/Ida/Data/Hydra/SyngentaScreen/AuxiliaryFiles/20191213/20191212_robot_runlogs/20191212_112931_runlog.csv,1,9,2,
Synstock_R08_S2,5,10,CSCC944524,3,uM,/Volumes/behavgenom$/Ida/Data/Hydra/SyngentaScreen/AuxiliaryFiles/20191213/20191212_robot_runlogs/20191212_112931_runlog.csv,1,9,2,
Synstock_R08_S2,5,11,CSCC944524,1,uM,/Volumes/behavgenom$/Ida/Data/Hydra/SyngentaScreen/AuxiliaryFiles/20191213/20191212_robot_runlogs/20191212_112931_runlog.csv,1,9,2,
Synstock_R08_S2,5,12,NoCompound,0,na,/Volumes/behavgenom$/Ida/Data/Hydra/SyngentaScreen/AuxiliaryFiles/20191213/20191212_robot_runlogs/20191212_112931_runlog.csv,1,9,2,
Synstock_R07_S1,6,1,DMSO,0.1,%,/Volumes/behavgenom$/Ida/Data/Hydra/SyngentaScreen/AuxiliaryFiles/20191213/20191212_robot_runlogs/20191212_112931_runlog.csv,4,9,2,
Synstock_R07_S1,6,2,CSAA735151,100,uM,/Volumes/behavgenom$/Ida/Data/Hydra/SyngentaScreen/AuxiliaryFiles/20191213/20191212_robot_runlogs/20191212_112931_runlog.csv,4,9,2,
Synstock_R07_S1,6,3,CSAA735151,30,uM,/Volumes/behavgenom$/Ida/Data/Hydra/SyngentaScreen/AuxiliaryFiles/20191213/20191212_robot_runlogs/20191212_112931_runlog.csv,4,9,2,
Synstock_R07_S1,6,4,CSAA735151,10,uM,/Volumes/behavgenom$/Ida/Data/Hydra/SyngentaScreen/AuxiliaryFiles/20191213/20191212_robot_runlogs/20191212_112931_runlog.csv,4,9,2,
Synstock_R07_S1,6,5,CSAA735151,3,uM,/Volumes/behavgenom$/Ida/Data/Hydra/SyngentaScreen/AuxiliaryFiles/20191213/20191212_robot_runlogs/20191212_112931_runlog.csv,4,9,2,
Synstock_R07_S1,6,6,CSAA735151,1,uM,/Volumes/behavgenom$/Ida/Data/Hydra/SyngentaScreen/AuxiliaryFiles/20191213/20191212_robot_runlogs/20191212_112931_runlog.csv,4,9,2,
Synstock_R07_S1,6,7,CSAA123408,100,uM,/Volumes/behavgenom$/Ida/Data/Hydra/SyngentaScreen/AuxiliaryFiles/20191213/20191212_robot_runlogs/20191212_112931_runlog.csv,4,9,2,
Synstock_R07_S1,6,8,CSAA123408,30,uM,/Volumes/behavgenom$/Ida/Data/Hydra/SyngentaScreen/AuxiliaryFiles/20191213/20191212_robot_runlogs/20191212_112931_runlog.csv,4,9,2,
Synstock_R07_S1,6,9,CSAA123408,10,uM,/Volumes/behavgenom$/Ida/Data/Hydra/SyngentaScreen/AuxiliaryFiles/20191213/20191212_robot_runlogs/20191212_112931_runlog.csv,4,9,2,
Synstock_R07_S1,6,10,CSAA123408,3,uM,/Volumes/behavgenom$/Ida/Data/Hydra/SyngentaScreen/AuxiliaryFiles/20191213/20191212_robot_runlogs/20191212_112931_runlog.csv,4,9,2,
Synstock_R07_S1,6,11,CSAA123408,1,uM,/Volumes/behavgenom$/Ida/Data/Hydra/SyngentaScreen/AuxiliaryFiles/20191213/20191212_robot_runlogs/20191212_112931_runlog.csv,4,9,2,
Synstock_R07_S1,6,12,NoCompound,0,na,/Volumes/behavgenom$/Ida/Data/Hydra/SyngentaScreen/AuxiliaryFiles/20191213/20191212_robot_runlogs/20191212_112931_runlog.csv,4,9,2,
Synstock_R06_S8,7,1,DMSO,0.1,%,/Volumes/behavgenom$/Ida/Data/Hydra/SyngentaScreen/AuxiliaryFiles/20191213/20191212_robot_runlogs/20191212_112931_runlog.csv,7,9,2,
Synstock_R06_S8,7,2,CSCC910944,100,uM,/Volumes/behavgenom$/Ida/Data/Hydra/SyngentaScreen/AuxiliaryFiles/20191213/20191212_robot_runlogs/20191212_112931_runlog.csv,7,9,2,
Synstock_R06_S8,7,3,CSCC910944,30,uM,/Volumes/behavgenom$/Ida/Data/Hydra/SyngentaScreen/AuxiliaryFiles/20191213/20191212_robot_runlogs/20191212_112931_runlog.csv,7,9,2,
Synstock_R06_S8,7,4,CSCC910944,10,uM,/Volumes/behavgenom$/Ida/Data/Hydra/SyngentaScreen/AuxiliaryFiles/20191213/20191212_robot_runlogs/20191212_112931_runlog.csv,7,9,2,
Synstock_R06_S8,7,5,CSCC910944,3,uM,/Volumes/behavgenom$/Ida/Data/Hydra/SyngentaScreen/AuxiliaryFiles/20191213/20191212_robot_runlogs/20191212_112931_runlog.csv,7,9,2,
Synstock_R06_S8,7,6,CSCC910944,1,uM,/Volumes/behavgenom$/Ida/Data/Hydra/SyngentaScreen/AuxiliaryFiles/20191213/20191212_robot_runlogs/20191212_112931_runlog.csv,7,9,2,
Synstock_R06_S8,7,7,CSAA058638,100,uM,/Volumes/behavgenom$/Ida/Data/Hydra/SyngentaScreen/AuxiliaryFiles/20191213/20191212_robot_runlogs/20191212_112931_runlog.csv,7,9,2,
Synstock_R06_S8,7,8,CSAA058638,30,uM,/Volumes/behavgenom$/Ida/Data/Hydra/SyngentaScreen/AuxiliaryFiles/20191213/20191212_robot_runlogs/20191212_112931_runlog.csv,7,9,2,
Synstock_R06_S8,7,9,CSAA058638,10,uM,/Volumes/behavgenom$/Ida/Data/Hydra/SyngentaScreen/AuxiliaryFiles/20191213/20191212_robot_runlogs/20191212_112931_runlog.csv,7,9,2,
Synstock_R06_S8,7,10,CSAA058638,3,uM,/Volumes/behavgenom$/Ida/Data/Hydra/SyngentaScreen/AuxiliaryFiles/20191213/20191212_robot_runlogs/20191212_112931_runlog.csv,7,9,2,
Synstock_R06_S8,7,11,CSAA058638,1,uM,/Volumes/behavgenom$/Ida/Data/Hydra/SyngentaScreen/AuxiliaryFiles/20191213/20191212_robot_runlogs/20191212_112931_runlog.csv,7,9,2,
Synstock_R06_S8,7,12,NoCompound,0,na,/Volumes/behavgenom$/Ida/Data/Hydra/SyngentaScreen/AuxiliaryFiles/20191213/20191212_robot_runlogs/20191212_112931_runlog.csv,7,9,2,
Synstock_R05_S7,8,1,DMSO,0.1,%,/Volumes/behavgenom$/Ida/Data/Hydra/SyngentaScreen/AuxiliaryFiles/20191213/20191212_robot_runlogs/20191212_112931_runlog.csv,10,9,2,
Synstock_R05_S7,8,2,CSCD668797,100,uM,/Volumes/behavgenom$/Ida/Data/Hydra/SyngentaScreen/AuxiliaryFiles/20191213/20191212_robot_runlogs/20191212_112931_runlog.csv,10,9,2,
Synstock_R05_S7,8,3,CSCD668797,30,uM,/Volumes/behavgenom$/Ida/Data/Hydra/SyngentaScreen/AuxiliaryFiles/20191213/20191212_robot_runlogs/20191212_112931_runlog.csv,10,9,2,
Synstock_R05_S7,8,4,CSCD668797,10,uM,/Volumes/behavgenom$/Ida/Data/Hydra/SyngentaScreen/AuxiliaryFiles/20191213/20191212_robot_runlogs/20191212_112931_runlog.csv,10,9,2,
Synstock_R05_S7,8,5,CSCD668797,3,uM,/Volumes/behavgenom$/Ida/Data/Hydra/SyngentaScreen/AuxiliaryFiles/20191213/20191212_robot_runlogs/20191212_112931_runlog.csv,10,9,2,
Synstock_R05_S7,8,6,CSCD668797,1,uM,/Volumes/behavgenom$/Ida/Data/Hydra/SyngentaScreen/AuxiliaryFiles/20191213/20191212_robot_runlogs/20191212_112931_runlog.csv,10,9,2,
Synstock_R05_S7,8,7,CSAA173130,100,uM,/Volumes/behavgenom$/Ida/Data/Hydra/SyngentaScreen/AuxiliaryFiles/20191213/20191212_robot_runlogs/20191212_112931_runlog.csv,10,9,2,
Synstock_R05_S7,8,8,CSAA173130,30,uM,/Volumes/behavgenom$/Ida/Data/Hydra/SyngentaScreen/AuxiliaryFiles/20191213/20191212_robot_runlogs/20191212_112931_runlog.csv,10,9,2,
Synstock_R05_S7,8,9,CSAA173130,10,uM,/Volumes/behavgenom$/Ida/Data/Hydra/SyngentaScreen/AuxiliaryFiles/20191213/20191212_robot_runlogs/20191212_112931_runlog.csv,10,9,2,
Synstock_R05_S7,8,10,CSAA173130,3,uM,/Volumes/behavgenom$/Ida/Data/Hydra/SyngentaScreen/AuxiliaryFiles/20191213/20191212_robot_runlogs/20191212_112931_runlog.csv,10,9,2,
Synstock_R05_S7,8,11,CSAA173130,1,uM,/Volumes/behavgenom$/Ida/Data/Hydra/SyngentaScreen/AuxiliaryFiles/20191213/20191212_robot_runlogs/20191212_112931_runlog.csv,10,9,2,
Synstock_R05_S7,8,12,NoCompound,0,na,/Volumes/behavgenom$/Ida/Data/Hydra/SyngentaScreen/AuxiliaryFiles/20191213/20191212_robot_runlogs/20191212_112931_runlog.csv,10,9,2,
Synstock_R04_S5,9,1,DMSO,0.1,%,/Volumes/behavgenom$/Ida/Data/Hydra/SyngentaScreen/AuxiliaryFiles/20191213/20191212_robot_runlogs/20191212_121645_runlog.csv,1,9,3,
Synstock_R04_S5,9,2,CSAA189597,100,uM,/Volumes/behavgenom$/Ida/Data/Hydra/SyngentaScreen/AuxiliaryFiles/20191213/20191212_robot_runlogs/20191212_121645_runlog.csv,1,9,3,
Synstock_R04_S5,9,3,CSAA189597,30,uM,/Volumes/behavgenom$/Ida/Data/Hydra/SyngentaScreen/AuxiliaryFiles/20191213/20191212_robot_runlogs/20191212_121645_runlog.csv,1,9,3,
Synstock_R04_S5,9,4,CSAA189597,10,uM,/Volumes/behavgenom$/Ida/Data/Hydra/SyngentaScreen/AuxiliaryFiles/20191213/20191212_robot_runlogs/20191212_121645_runlog.csv,1,9,3,
Synstock_R04_S5,9,5,CSAA189597,3,uM,/Volumes/behavgenom$/Ida/Data/Hydra/SyngentaScreen/AuxiliaryFiles/20191213/20191212_robot_runlogs/20191212_121645_runlog.csv,1,9,3,
Synstock_R04_S5,9,6,CSAA189597,1,uM,/Volumes/behavgenom$/Ida/Data/Hydra/SyngentaScreen/AuxiliaryFiles/20191213/20191212_robot_runlogs/20191212_121645_runlog.csv,1,9,3,"A6,B6,C6,D6,E6,F6,G6,H6"
Synstock_R04_S5,9,7,CSCC819117,100,uM,/Volumes/behavgenom$/Ida/Data/Hydra/SyngentaScreen/AuxiliaryFiles/20191213/20191212_robot_runlogs/20191212_121645_runlog.csv,1,9,3,
Synstock_R04_S5,9,8,CSCC819117,30,uM,/Volumes/behavgenom$/Ida/Data/Hydra/SyngentaScreen/AuxiliaryFiles/20191213/20191212_robot_runlogs/20191212_121645_runlog.csv,1,9,3,
Synstock_R04_S5,9,9,CSCC819117,10,uM,/Volumes/behavgenom$/Ida/Data/Hydra/SyngentaScreen/AuxiliaryFiles/20191213/20191212_robot_runlogs/20191212_121645_runlog.csv,1,9,3,
Synstock_R04_S5,9,10,CSCC819117,3,uM,/Volumes/behavgenom$/Ida/Data/Hydra/SyngentaScreen/AuxiliaryFiles/20191213/20191212_robot_runlogs/20191212_121645_runlog.csv,1,9,3,
Synstock_R04_S5,9,11,CSCC819117,1,uM,/Volumes/behavgenom$/Ida/Data/Hydra/SyngentaScreen/AuxiliaryFiles/20191213/20191212_robot_runlogs/20191212_121645_runlog.csv,1,9,3,
Synstock_R04_S5,9,12,NoCompound,0,na,/Volumes/behavgenom$/Ida/Data/Hydra/SyngentaScreen/AuxiliaryFiles/20191213/20191212_robot_runlogs/20191212_121645_runlog.csv,1,9,3,
Synstock_R03_S4,10,1,DMSO,0.1,%,/Volumes/behavgenom$/Ida/Data/Hydra/SyngentaScreen/AuxiliaryFiles/20191213/20191212_robot_runlogs/20191212_121645_runlog.csv,4,9,3,
Synstock_R03_S4,10,2,CSAA055679,100,uM,/Volumes/behavgenom$/Ida/Data/Hydra/SyngentaScreen/AuxiliaryFiles/20191213/20191212_robot_runlogs/20191212_121645_runlog.csv,4,9,3,
Synstock_R03_S4,10,3,CSAA055679,30,uM,/Volumes/behavgenom$/Ida/Data/Hydra/SyngentaScreen/AuxiliaryFiles/20191213/20191212_robot_runlogs/20191212_121645_runlog.csv,4,9,3,
Synstock_R03_S4,10,4,CSAA055679,10,uM,/Volumes/behavgenom$/Ida/Data/Hydra/SyngentaScreen/AuxiliaryFiles/20191213/20191212_robot_runlogs/20191212_121645_runlog.csv,4,9,3,
Synstock_R03_S4,10,5,CSAA055679,3,uM,/Volumes/behavgenom$/Ida/Data/Hydra/SyngentaScreen/AuxiliaryFiles/20191213/20191212_robot_runlogs/20191212_121645_runlog.csv,4,9,3,
Synstock_R03_S4,10,6,CSAA055679,1,uM,/Volumes/behavgenom$/Ida/Data/Hydra/SyngentaScreen/AuxiliaryFiles/20191213/20191212_robot_runlogs/20191212_121645_runlog.csv,4,9,3,
Synstock_R03_S4,10,7,CSAA026200,100,uM,/Volumes/behavgenom$/Ida/Data/Hydra/SyngentaScreen/AuxiliaryFiles/20191213/20191212_robot_runlogs/20191212_121645_runlog.csv,4,9,3,
Synstock_R03_S4,10,8,CSAA026200,30,uM,/Volumes/behavgenom$/Ida/Data/Hydra/SyngentaScreen/AuxiliaryFiles/20191213/20191212_robot_runlogs/20191212_121645_runlog.csv,4,9,3,
Synstock_R03_S4,10,9,CSAA026200,10,uM,/Volumes/behavgenom$/Ida/Data/Hydra/SyngentaScreen/AuxiliaryFiles/20191213/20191212_robot_runlogs/20191212_121645_runlog.csv,4,9,3,
Synstock_R03_S4,10,10,CSAA026200,3,uM,/Volumes/behavgenom$/Ida/Data/Hydra/SyngentaScreen/AuxiliaryFiles/20191213/20191212_robot_runlogs/20191212_121645_runlog.csv,4,9,3,
Synstock_R03_S4,10,11,CSAA026200,1,uM,/Volumes/behavgenom$/Ida/Data/Hydra/SyngentaScreen/AuxiliaryFiles/20191213/20191212_robot_runlogs/20191212_121645_runlog.csv,4,9,3,
Synstock_R03_S4,10,12,NoCompound,0,na,/Volumes/behavgenom$/Ida/Data/Hydra/SyngentaScreen/AuxiliaryFiles/20191213/20191212_robot_runlogs/20191212_121645_runlog.csv,4,9,3,
Synstock_R02_S2,11,1,DMSO,0.1,%,/Volumes/behavgenom$/Ida/Data/Hydra/SyngentaScreen/AuxiliaryFiles/20191213/20191212_robot_runlogs/20191212_121645_runlog.csv,7,9,3,
Synstock_R02_S2,11,2,CSAA000937,100,uM,/Volumes/behavgenom$/Ida/Data/Hydra/SyngentaScreen/AuxiliaryFiles/20191213/20191212_robot_runlogs/20191212_121645_runlog.csv,7,9,3,
Synstock_R02_S2,11,3,CSAA000937,30,uM,/Volumes/behavgenom$/Ida/Data/Hydra/SyngentaScreen/AuxiliaryFiles/20191213/20191212_robot_runlogs/20191212_121645_runlog.csv,7,9,3,
Synstock_R02_S2,11,4,CSAA000937,10,uM,/Volumes/behavgenom$/Ida/Data/Hydra/SyngentaScreen/AuxiliaryFiles/20191213/20191212_robot_runlogs/20191212_121645_runlog.csv,7,9,3,
Synstock_R02_S2,11,5,CSAA000937,3,uM,/Volumes/behavgenom$/Ida/Data/Hydra/SyngentaScreen/AuxiliaryFiles/20191213/20191212_robot_runlogs/20191212_121645_runlog.csv,7,9,3,
Synstock_R02_S2,11,6,CSAA000937,1,uM,/Volumes/behavgenom$/Ida/Data/Hydra/SyngentaScreen/AuxiliaryFiles/20191213/20191212_robot_runlogs/20191212_121645_runlog.csv,7,9,3,
Synstock_R02_S2,11,7,CSAA017604,100,uM,/Volumes/behavgenom$/Ida/Data/Hydra/SyngentaScreen/AuxiliaryFiles/20191213/20191212_robot_runlogs/20191212_121645_runlog.csv,7,9,3,
Synstock_R02_S2,11,8,CSAA017604,30,uM,/Volumes/behavgenom$/Ida/Data/Hydra/SyngentaScreen/AuxiliaryFiles/20191213/20191212_robot_runlogs/20191212_121645_runlog.csv,7,9,3,
Synstock_R02_S2,11,9,CSAA017604,10,uM,/Volumes/behavgenom$/Ida/Data/Hydra/SyngentaScreen/AuxiliaryFiles/20191213/20191212_robot_runlogs/20191212_121645_runlog.csv,7,9,3,
Synstock_R02_S2,11,10,CSAA017604,3,uM,/Volumes/behavgenom$/Ida/Data/Hydra/SyngentaScreen/AuxiliaryFiles/20191213/20191212_robot_runlogs/20191212_121645_runlog.csv,7,9,3,
Synstock_R02_S2,11,11,CSAA017604,1,uM,/Volumes/behavgenom$/Ida/Data/Hydra/SyngentaScreen/AuxiliaryFiles/20191213/20191212_robot_runlogs/20191212_121645_runlog.csv,7,9,3,
Synstock_R02_S2,11,12,NoCompound,0,na,/Volumes/behavgenom$/Ida/Data/Hydra/SyngentaScreen/AuxiliaryFiles/20191213/20191212_robot_runlogs/20191212_121645_runlog.csv,7,9,3,
Synstock_R01_S1,12,1,DMSO,0.1,%,/Volumes/behavgenom$/Ida/Data/Hydra/SyngentaScreen/AuxiliaryFiles/20191213/20191212_robot_runlogs/20191212_121645_runlog.csv,10,9,3,
Synstock_R01_S1,12,2,CSCC170103,100,uM,/Volumes/behavgenom$/Ida/Data/Hydra/SyngentaScreen/AuxiliaryFiles/20191213/20191212_robot_runlogs/20191212_121645_runlog.csv,10,9,3,
Synstock_R01_S1,12,3,CSCC170103,30,uM,/Volumes/behavgenom$/Ida/Data/Hydra/SyngentaScreen/AuxiliaryFiles/20191213/20191212_robot_runlogs/20191212_121645_runlog.csv,10,9,3,
Synstock_R01_S1,12,4,CSCC170103,10,uM,/Volumes/behavgenom$/Ida/Data/Hydra/SyngentaScreen/AuxiliaryFiles/20191213/20191212_robot_runlogs/20191212_121645_runlog.csv,10,9,3,
Synstock_R01_S1,12,5,CSCC170103,3,uM,/Volumes/behavgenom$/Ida/Data/Hydra/SyngentaScreen/AuxiliaryFiles/20191213/20191212_robot_runlogs/20191212_121645_runlog.csv,10,9,3,
Synstock_R01_S1,12,6,CSCC170103,1,uM,/Volumes/behavgenom$/Ida/Data/Hydra/SyngentaScreen/AuxiliaryFiles/20191213/20191212_robot_runlogs/20191212_121645_runlog.csv,10,9,3,
Synstock_R01_S1,12,7,CSAA006770,100,uM,/Volumes/behavgenom$/Ida/Data/Hydra/SyngentaScreen/AuxiliaryFiles/20191213/20191212_robot_runlogs/20191212_121645_runlog.csv,10,9,3,
Synstock_R01_S1,12,8,CSAA006770,30,uM,/Volumes/behavgenom$/Ida/Data/Hydra/SyngentaScreen/AuxiliaryFiles/20191213/20191212_robot_runlogs/20191212_121645_runlog.csv,10,9,3,
Synstock_R01_S1,12,9,CSAA006770,10,uM,/Volumes/behavgenom$/Ida/Data/Hydra/SyngentaScreen/AuxiliaryFiles/20191213/20191212_robot_runlogs/20191212_121645_runlog.csv,10,9,3,
Synstock_R01_S1,12,10,CSAA006770,3,uM,/Volumes/behavgenom$/Ida/Data/Hydra/SyngentaScreen/AuxiliaryFiles/20191213/20191212_robot_runlogs/20191212_121645_runlog.csv,10,9,3,
Synstock_R01_S1,12,11,CSAA006770,1,uM,/Volumes/behavgenom$/Ida/Data/Hydra/SyngentaScreen/AuxiliaryFiles/20191213/20191212_robot_runlogs/20191212_121645_runlog.csv,10,9,3,
Synstock_R01_S1,12,12,NoCompound,0,na,/Volumes/behavgenom$/Ida/Data/Hydra/SyngentaScreen/AuxiliaryFiles/20191213/20191212_robot_runlogs/20191212_121645_runlog.csv,10,9,3,
Synstock_M33,13,1,DMSO,0.1,%,/Volumes/behavgenom$/Ida/Data/Hydra/SyngentaScreen/AuxiliaryFiles/20191213/20191212_robot_runlogs/20191212_130819_runlog.csv,1,9,4,
Synstock_M33,13,2,CSAA871813,100,uM,/Volumes/behavgenom$/Ida/Data/Hydra/SyngentaScreen/AuxiliaryFiles/20191213/20191212_robot_runlogs/20191212_130819_runlog.csv,1,9,4,
Synstock_M33,13,3,CSAA871813,30,uM,/Volumes/behavgenom$/Ida/Data/Hydra/SyngentaScreen/AuxiliaryFiles/20191213/20191212_robot_runlogs/20191212_130819_runlog.csv,1,9,4,
Synstock_M33,13,4,CSAA871813,10,uM,/Volumes/behavgenom$/Ida/Data/Hydra/SyngentaScreen/AuxiliaryFiles/20191213/20191212_robot_runlogs/20191212_130819_runlog.csv,1,9,4,
Synstock_M33,13,5,CSAA871813,3,uM,/Volumes/behavgenom$/Ida/Data/Hydra/SyngentaScreen/AuxiliaryFiles/20191213/20191212_robot_runlogs/20191212_130819_runlog.csv,1,9,4,
Synstock_M33,13,6,CSAA871813,1,uM,/Volumes/behavgenom$/Ida/Data/Hydra/SyngentaScreen/AuxiliaryFiles/20191213/20191212_robot_runlogs/20191212_130819_runlog.csv,1,9,4,
Synstock_M33,13,7,CSCD059161,150,uM,/Volumes/behavgenom$/Ida/Data/Hydra/SyngentaScreen/AuxiliaryFiles/20191213/20191212_robot_runlogs/20191212_130819_runlog.csv,1,9,4,
Synstock_M33,13,8,CSAA242053,150,uM,/Volumes/behavgenom$/Ida/Data/Hydra/SyngentaScreen/AuxiliaryFiles/20191213/20191212_robot_runlogs/20191212_130819_runlog.csv,1,9,4,
Synstock_M33,13,9,CSCD676431,150,uM,/Volumes/behavgenom$/Ida/Data/Hydra/SyngentaScreen/AuxiliaryFiles/20191213/20191212_robot_runlogs/20191212_130819_runlog.csv,1,9,4,
Synstock_M33,13,10,NoCompound,0,na,/Volumes/behavgenom$/Ida/Data/Hydra/SyngentaScreen/AuxiliaryFiles/20191213/20191212_robot_runlogs/20191212_130819_runlog.csv,1,9,4,
Synstock_M33,13,11,NoCompound,0,na,/Volumes/behavgenom$/Ida/Data/Hydra/SyngentaScreen/AuxiliaryFiles/20191213/20191212_robot_runlogs/20191212_130819_runlog.csv,1,9,4,
Synstock_M33,13,12,NoCompound,0,na,/Volumes/behavgenom$/Ida/Data/Hydra/SyngentaScreen/AuxiliaryFiles/20191213/20191212_robot_runlogs/20191212_130819_runlog.csv,1,9,4,
Synstock_M32,14,1,DMSO,0.1,%,/Volumes/behavgenom$/Ida/Data/Hydra/SyngentaScreen/AuxiliaryFiles/20191213/20191212_robot_runlogs/20191212_130819_runlog.csv,4,9,4,
Synstock_M32,14,2,CSAA012836,150,uM,/Volumes/behavgenom$/Ida/Data/Hydra/SyngentaScreen/AuxiliaryFiles/20191213/20191212_robot_runlogs/20191212_130819_runlog.csv,4,9,4,
Synstock_M32,14,3,CSAA012836,30,uM,/Volumes/behavgenom$/Ida/Data/Hydra/SyngentaScreen/AuxiliaryFiles/20191213/20191212_robot_runlogs/20191212_130819_runlog.csv,4,9,4,
Synstock_M32,14,4,CSAA012836,10,uM,/Volumes/behavgenom$/Ida/Data/Hydra/SyngentaScreen/AuxiliaryFiles/20191213/20191212_robot_runlogs/20191212_130819_runlog.csv,4,9,4,
Synstock_M32,14,5,CSAA012836,3,uM,/Volumes/behavgenom$/Ida/Data/Hydra/SyngentaScreen/AuxiliaryFiles/20191213/20191212_robot_runlogs/20191212_130819_runlog.csv,4,9,4,
Synstock_M32,14,6,CSAA012836,1,uM,/Volumes/behavgenom$/Ida/Data/Hydra/SyngentaScreen/AuxiliaryFiles/20191213/20191212_robot_runlogs/20191212_130819_runlog.csv,4,9,4,
Synstock_M32,14,7,CSCC232759,150,uM,/Volumes/behavgenom$/Ida/Data/Hydra/SyngentaScreen/AuxiliaryFiles/20191213/20191212_robot_runlogs/20191212_130819_runlog.csv,4,9,4,
Synstock_M32,14,8,CSCC232759,30,uM,/Volumes/behavgenom$/Ida/Data/Hydra/SyngentaScreen/AuxiliaryFiles/20191213/20191212_robot_runlogs/20191212_130819_runlog.csv,4,9,4,
Synstock_M32,14,9,CSCC232759,10,uM,/Volumes/behavgenom$/Ida/Data/Hydra/SyngentaScreen/AuxiliaryFiles/20191213/20191212_robot_runlogs/20191212_130819_runlog.csv,4,9,4,
Synstock_M32,14,10,CSCC232759,3,uM,/Volumes/behavgenom$/Ida/Data/Hydra/SyngentaScreen/AuxiliaryFiles/20191213/20191212_robot_runlogs/20191212_130819_runlog.csv,4,9,4,
Synstock_M32,14,11,CSCC232759,1,uM,/Volumes/behavgenom$/Ida/Data/Hydra/SyngentaScreen/AuxiliaryFiles/20191213/20191212_robot_runlogs/20191212_130819_runlog.csv,4,9,4,A11
Synstock_M32,14,12,NoCompound,0,na,/Volumes/behavgenom$/Ida/Data/Hydra/SyngentaScreen/AuxiliaryFiles/20191213/20191212_robot_runlogs/20191212_130819_runlog.csv,4,9,4,
Synstock_M31,15,1,DMSO,0.1,%,/Volumes/behavgenom$/Ida/Data/Hydra/SyngentaScreen/AuxiliaryFiles/20191213/20191212_robot_runlogs/20191212_130819_runlog.csv,7,9,4,
Synstock_M31,15,2,CSCD677230,150,uM,/Volumes/behavgenom$/Ida/Data/Hydra/SyngentaScreen/AuxiliaryFiles/20191213/20191212_robot_runlogs/20191212_130819_runlog.csv,7,9,4,
Synstock_M31,15,3,CSCD677230,30,uM,/Volumes/behavgenom$/Ida/Data/Hydra/SyngentaScreen/AuxiliaryFiles/20191213/20191212_robot_runlogs/20191212_130819_runlog.csv,7,9,4,
Synstock_M31,15,4,CSCD677230,10,uM,/Volumes/behavgenom$/Ida/Data/Hydra/SyngentaScreen/AuxiliaryFiles/20191213/20191212_robot_runlogs/20191212_130819_runlog.csv,7,9,4,
Synstock_M31,15,5,CSCD677230,3,uM,/Volumes/behavgenom$/Ida/Data/Hydra/SyngentaScreen/AuxiliaryFiles/20191213/20191212_robot_runlogs/20191212_130819_runlog.csv,7,9,4,
Synstock_M31,15,6,CSCD677230,1,uM,/Volumes/behavgenom$/Ida/Data/Hydra/SyngentaScreen/AuxiliaryFiles/20191213/20191212_robot_runlogs/20191212_130819_runlog.csv,7,9,4,
Synstock_M31,15,7,CSAA008422,150,uM,/Volumes/behavgenom$/Ida/Data/Hydra/SyngentaScreen/AuxiliaryFiles/20191213/20191212_robot_runlogs/20191212_130819_runlog.csv,7,9,4,
Synstock_M31,15,8,CSAA008422,30,uM,/Volumes/behavgenom$/Ida/Data/Hydra/SyngentaScreen/AuxiliaryFiles/20191213/20191212_robot_runlogs/20191212_130819_runlog.csv,7,9,4,
Synstock_M31,15,9,CSAA008422,10,uM,/Volumes/behavgenom$/Ida/Data/Hydra/SyngentaScreen/AuxiliaryFiles/20191213/20191212_robot_runlogs/20191212_130819_runlog.csv,7,9,4,
Synstock_M31,15,10,CSAA008422,3,uM,/Volumes/behavgenom$/Ida/Data/Hydra/SyngentaScreen/AuxiliaryFiles/20191213/20191212_robot_runlogs/20191212_130819_runlog.csv,7,9,4,
Synstock_M31,15,11,CSAA008422,1,uM,/Volumes/behavgenom$/Ida/Data/Hydra/SyngentaScreen/AuxiliaryFiles/20191213/20191212_robot_runlogs/20191212_130819_runlog.csv,7,9,4,
Synstock_M31,15,12,NoCompound,0,na,/Volumes/behavgenom$/Ida/Data/Hydra/SyngentaScreen/AuxiliaryFiles/20191213/20191212_robot_runlogs/20191212_130819_runlog.csv,7,9,4,
Synstock_M30,16,1,DMSO,0.1,%,/Volumes/behavgenom$/Ida/Data/Hydra/SyngentaScreen/AuxiliaryFiles/20191213/20191212_robot_runlogs/20191212_130819_runlog.csv,10,9,4,
Synstock_M30,16,2,CSCC232026,1,uM,/Volumes/behavgenom$/Ida/Data/Hydra/SyngentaScreen/AuxiliaryFiles/20191213/20191212_robot_runlogs/20191212_130819_runlog.csv,10,9,4,
Synstock_M30,16,3,CSAA632597,150,uM,/Volumes/behavgenom$/Ida/Data/Hydra/SyngentaScreen/AuxiliaryFiles/20191213/20191212_robot_runlogs/20191212_130819_runlog.csv,10,9,4,
Synstock_M30,16,4,CSAA632597,100,uM,/Volumes/behavgenom$/Ida/Data/Hydra/SyngentaScreen/AuxiliaryFiles/20191213/20191212_robot_runlogs/20191212_130819_runlog.csv,10,9,4,A4
Synstock_M30,16,5,CSAA632597,30,uM,/Volumes/behavgenom$/Ida/Data/Hydra/SyngentaScreen/AuxiliaryFiles/20191213/20191212_robot_runlogs/20191212_130819_runlog.csv,10,9,4,
Synstock_M30,16,6,CSAA632597,3,uM,/Volumes/behavgenom$/Ida/Data/Hydra/SyngentaScreen/AuxiliaryFiles/20191213/20191212_robot_runlogs/20191212_130819_runlog.csv,10,9,4,
Synstock_M30,16,7,CSCD675030,150,uM,/Volumes/behavgenom$/Ida/Data/Hydra/SyngentaScreen/AuxiliaryFiles/20191213/20191212_robot_runlogs/20191212_130819_runlog.csv,10,9,4,
Synstock_M30,16,8,CSCD675030,30,uM,/Volumes/behavgenom$/Ida/Data/Hydra/SyngentaScreen/AuxiliaryFiles/20191213/20191212_robot_runlogs/20191212_130819_runlog.csv,10,9,4,
Synstock_M30,16,9,CSCD675030,10,uM,/Volumes/behavgenom$/Ida/Data/Hydra/SyngentaScreen/AuxiliaryFiles/20191213/20191212_robot_runlogs/20191212_130819_runlog.csv,10,9,4,
Synstock_M30,16,10,CSCD675030,3,uM,/Volumes/behavgenom$/Ida/Data/Hydra/SyngentaScreen/AuxiliaryFiles/20191213/20191212_robot_runlogs/20191212_130819_runlog.csv,10,9,4,
Synstock_M30,16,11,CSCD675030,1,uM,/Volumes/behavgenom$/Ida/Data/Hydra/SyngentaScreen/AuxiliaryFiles/20191213/20191212_robot_runlogs/20191212_130819_runlog.csv,10,9,4,
Synstock_M30,16,12,NoCompound,0,na,/Volumes/behavgenom$/Ida/Data/Hydra/SyngentaScreen/AuxiliaryFiles/20191213/20191212_robot_runlogs/20191212_130819_runlog.csv,10,9,4,
Synstock_M29,17,1,DMSO,0.1,%,/Volumes/behavgenom$/Ida/Data/Hydra/SyngentaScreen/AuxiliaryFiles/20191213/20191212_robot_runlogs/20191212_140600_runlog.csv,1,9,5,
Synstock_M29,17,2,CSAA466656,1,uM,/Volumes/behavgenom$/Ida/Data/Hydra/SyngentaScreen/AuxiliaryFiles/20191213/20191212_robot_runlogs/20191212_140600_runlog.csv,1,9,5,A2
Synstock_M29,17,3,CSCD067122,100,uM,/Volumes/behavgenom$/Ida/Data/Hydra/SyngentaScreen/AuxiliaryFiles/20191213/20191212_robot_runlogs/20191212_140600_runlog.csv,1,9,5,
Synstock_M29,17,4,CSCD067122,10,uM,/Volumes/behavgenom$/Ida/Data/Hydra/SyngentaScreen/AuxiliaryFiles/20191213/20191212_robot_runlogs/20191212_140600_runlog.csv,1,9,5,
Synstock_M29,17,5,CSCD067122,1,uM,/Volumes/behavgenom$/Ida/Data/Hydra/SyngentaScreen/AuxiliaryFiles/20191213/20191212_robot_runlogs/20191212_140600_runlog.csv,1,9,5,
Synstock_M29,17,6,CSCD068947,100,uM,/Volumes/behavgenom$/Ida/Data/Hydra/SyngentaScreen/AuxiliaryFiles/20191213/20191212_robot_runlogs/20191212_140600_runlog.csv,1,9,5,
Synstock_M29,17,7,CSCD068947,10,uM,/Volumes/behavgenom$/Ida/Data/Hydra/SyngentaScreen/AuxiliaryFiles/20191213/20191212_robot_runlogs/20191212_140600_runlog.csv,1,9,5,
Synstock_M29,17,8,CSCD068947,1,uM,/Volumes/behavgenom$/Ida/Data/Hydra/SyngentaScreen/AuxiliaryFiles/20191213/20191212_robot_runlogs/20191212_140600_runlog.csv,1,9,5,
Synstock_M29,17,9,CSCC232026,150,uM,/Volumes/behavgenom$/Ida/Data/Hydra/SyngentaScreen/AuxiliaryFiles/20191213/20191212_robot_runlogs/20191212_140600_runlog.csv,1,9,5,
Synstock_M29,17,10,CSCC232026,10,uM,/Volumes/behavgenom$/Ida/Data/Hydra/SyngentaScreen/AuxiliaryFiles/20191213/20191212_robot_runlogs/20191212_140600_runlog.csv,1,9,5,
Synstock_M29,17,11,CSCC232026,3,uM,/Volumes/behavgenom$/Ida/Data/Hydra/SyngentaScreen/AuxiliaryFiles/20191213/20191212_robot_runlogs/20191212_140600_runlog.csv,1,9,5,
Synstock_M29,17,12,NoCompound,0,na,/Volumes/behavgenom$/Ida/Data/Hydra/SyngentaScreen/AuxiliaryFiles/20191213/20191212_robot_runlogs/20191212_140600_runlog.csv,1,9,5,
Synstock_M28,18,1,DMSO,0.1,%,/Volumes/behavgenom$/Ida/Data/Hydra/SyngentaScreen/AuxiliaryFiles/20191213/20191212_robot_runlogs/20191212_140600_runlog.csv,4,9,5,
Synstock_M28,18,2,CSAA434568,10,uM,/Volumes/behavgenom$/Ida/Data/Hydra/SyngentaScreen/AuxiliaryFiles/20191213/20191212_robot_runlogs/20191212_140600_runlog.csv,4,9,5,
Synstock_M28,18,3,CSAA434568,1,uM,/Volumes/behavgenom$/Ida/Data/Hydra/SyngentaScreen/AuxiliaryFiles/20191213/20191212_robot_runlogs/20191212_140600_runlog.csv,4,9,5,
Synstock_M28,18,4,CSAA050216,100,uM,/Volumes/behavgenom$/Ida/Data/Hydra/SyngentaScreen/AuxiliaryFiles/20191213/20191212_robot_runlogs/20191212_140600_runlog.csv,4,9,5,
Synstock_M28,18,5,CSAA050216,10,uM,/Volumes/behavgenom$/Ida/Data/Hydra/SyngentaScreen/AuxiliaryFiles/20191213/20191212_robot_runlogs/20191212_140600_runlog.csv,4,9,5,
Synstock_M28,18,6,CSAA050216,1,uM,/Volumes/behavgenom$/Ida/Data/Hydra/SyngentaScreen/AuxiliaryFiles/20191213/20191212_robot_runlogs/20191212_140600_runlog.csv,4,9,5,
Synstock_M28,18,7,CSCD010279,100,uM,/Volumes/behavgenom$/Ida/Data/Hydra/SyngentaScreen/AuxiliaryFiles/20191213/20191212_robot_runlogs/20191212_140600_runlog.csv,4,9,5,
Synstock_M28,18,8,CSCD010279,10,uM,/Volumes/behavgenom$/Ida/Data/Hydra/SyngentaScreen/AuxiliaryFiles/20191213/20191212_robot_runlogs/20191212_140600_runlog.csv,4,9,5,
Synstock_M28,18,9,CSCD010279,1,uM,/Volumes/behavgenom$/Ida/Data/Hydra/SyngentaScreen/AuxiliaryFiles/20191213/20191212_robot_runlogs/20191212_140600_runlog.csv,4,9,5,
Synstock_M28,18,10,CSAA466656,100,uM,/Volumes/behavgenom$/Ida/Data/Hydra/SyngentaScreen/AuxiliaryFiles/20191213/20191212_robot_runlogs/20191212_140600_runlog.csv,4,9,5,
Synstock_M28,18,11,CSAA466656,10,uM,/Volumes/behavgenom$/Ida/Data/Hydra/SyngentaScreen/AuxiliaryFiles/20191213/20191212_robot_runlogs/20191212_140600_runlog.csv,4,9,5,
Synstock_M28,18,12,NoCompound,0,na,/Volumes/behavgenom$/Ida/Data/Hydra/SyngentaScreen/AuxiliaryFiles/20191213/20191212_robot_runlogs/20191212_140600_runlog.csv,4,9,5,
Synstock_M27,19,1,DMSO,0.1,%,/Volumes/behavgenom$/Ida/Data/Hydra/SyngentaScreen/AuxiliaryFiles/20191213/20191212_robot_runlogs/20191212_140600_runlog.csv,7,9,5,
Synstock_M27,19,2,CSCC812553,3,uM,/Volumes/behavgenom$/Ida/Data/Hydra/SyngentaScreen/AuxiliaryFiles/20191213/20191212_robot_runlogs/20191212_140600_runlog.csv,7,9,5,
Synstock_M27,19,3,CSCC812553,1,uM,/Volumes/behavgenom$/Ida/Data/Hydra/SyngentaScreen/AuxiliaryFiles/20191213/20191212_robot_runlogs/20191212_140600_runlog.csv,7,9,5,
Synstock_M27,19,4,CSCD676431,30,uM,/Volumes/behavgenom$/Ida/Data/Hydra/SyngentaScreen/AuxiliaryFiles/20191213/20191212_robot_runlogs/20191212_140600_runlog.csv,7,9,5,
Synstock_M27,19,5,CSCD676431,10,uM,/Volumes/behavgenom$/Ida/Data/Hydra/SyngentaScreen/AuxiliaryFiles/20191213/20191212_robot_runlogs/20191212_140600_runlog.csv,7,9,5,
Synstock_M27,19,6,CSCD676431,3,uM,/Volumes/behavgenom$/Ida/Data/Hydra/SyngentaScreen/AuxiliaryFiles/20191213/20191212_robot_runlogs/20191212_140600_runlog.csv,7,9,5,
Synstock_M27,19,7,CSCD676431,1,uM,/Volumes/behavgenom$/Ida/Data/Hydra/SyngentaScreen/AuxiliaryFiles/20191213/20191212_robot_runlogs/20191212_140600_runlog.csv,7,9,5,
Synstock_M27,19,8,CSCC201954,100,uM,/Volumes/behavgenom$/Ida/Data/Hydra/SyngentaScreen/AuxiliaryFiles/20191213/20191212_robot_runlogs/20191212_140600_runlog.csv,7,9,5,
Synstock_M27,19,9,CSCC201954,10,uM,/Volumes/behavgenom$/Ida/Data/Hydra/SyngentaScreen/AuxiliaryFiles/20191213/20191212_robot_runlogs/20191212_140600_runlog.csv,7,9,5,
Synstock_M27,19,10,CSCC201954,1,uM,/Volumes/behavgenom$/Ida/Data/Hydra/SyngentaScreen/AuxiliaryFiles/20191213/20191212_robot_runlogs/20191212_140600_runlog.csv,7,9,5,
Synstock_M27,19,11,CSAA434568,100,uM,/Volumes/behavgenom$/Ida/Data/Hydra/SyngentaScreen/AuxiliaryFiles/20191213/20191212_robot_runlogs/20191212_140600_runlog.csv,7,9,5,
Synstock_M27,19,12,NoCompound,0,na,/Volumes/behavgenom$/Ida/Data/Hydra/SyngentaScreen/AuxiliaryFiles/20191213/20191212_robot_runlogs/20191212_140600_runlog.csv,7,9,5,
Synstock_M26,20,1,DMSO,0.1,%,/Volumes/behavgenom$/Ida/Data/Hydra/SyngentaScreen/AuxiliaryFiles/20191213/20191212_robot_runlogs/20191212_140600_runlog.csv,10,9,5,
Synstock_M26,20,2,CSAA398011,30,uM,/Volumes/behavgenom$/Ida/Data/Hydra/SyngentaScreen/AuxiliaryFiles/20191213/20191212_robot_runlogs/20191212_140600_runlog.csv,10,9,5,
Synstock_M26,20,3,CSAA398011,10,uM,/Volumes/behavgenom$/Ida/Data/Hydra/SyngentaScreen/AuxiliaryFiles/20191213/20191212_robot_runlogs/20191212_140600_runlog.csv,10,9,5,
Synstock_M26,20,4,CSAA398011,3,uM,/Volumes/behavgenom$/Ida/Data/Hydra/SyngentaScreen/AuxiliaryFiles/20191213/20191212_robot_runlogs/20191212_140600_runlog.csv,10,9,5,
Synstock_M26,20,5,CSAA398011,1,uM,/Volumes/behavgenom$/Ida/Data/Hydra/SyngentaScreen/AuxiliaryFiles/20191213/20191212_robot_runlogs/20191212_140600_runlog.csv,10,9,5,
Synstock_M26,20,6,CSAA035078,30,uM,/Volumes/behavgenom$/Ida/Data/Hydra/SyngentaScreen/AuxiliaryFiles/20191213/20191212_robot_runlogs/20191212_140600_runlog.csv,10,9,5,
Synstock_M26,20,7,CSAA035078,10,uM,/Volumes/behavgenom$/Ida/Data/Hydra/SyngentaScreen/AuxiliaryFiles/20191213/20191212_robot_runlogs/20191212_140600_runlog.csv,10,9,5,
Synstock_M26,20,8,CSAA035078,3,uM,/Volumes/behavgenom$/Ida/Data/Hydra/SyngentaScreen/AuxiliaryFiles/20191213/20191212_robot_runlogs/20191212_140600_runlog.csv,10,9,5,
Synstock_M26,20,9,CSAA035078,1,uM,/Volumes/behavgenom$/Ida/Data/Hydra/SyngentaScreen/AuxiliaryFiles/20191213/20191212_robot_runlogs/20191212_140600_runlog.csv,10,9,5,
Synstock_M26,20,10,CSCC812553,30,uM,/Volumes/behavgenom$/Ida/Data/Hydra/SyngentaScreen/AuxiliaryFiles/20191213/20191212_robot_runlogs/20191212_140600_runlog.csv,10,9,5,
Synstock_M26,20,11,CSCC812553,10,uM,/Volumes/behavgenom$/Ida/Data/Hydra/SyngentaScreen/AuxiliaryFiles/20191213/20191212_robot_runlogs/20191212_140600_runlog.csv,10,9,5,
Synstock_M26,20,12,NoCompound,0,na,/Volumes/behavgenom$/Ida/Data/Hydra/SyngentaScreen/AuxiliaryFiles/20191213/20191212_robot_runlogs/20191212_140600_runlog.csv,10,9,5,
Synstock_M25,21,1,DMSO,0.1,%,/Volumes/behavgenom$/Ida/Data/Hydra/SyngentaScreen/AuxiliaryFiles/20191213/20191212_robot_runlogs/20191212_150950_runlog.csv,1,9,6,
Synstock_M25,21,2,CSCC222657,30,uM,/Volumes/behavgenom$/Ida/Data/Hydra/SyngentaScreen/AuxiliaryFiles/20191213/20191212_robot_runlogs/20191212_150950_runlog.csv,1,9,6,A2
Synstock_M25,21,3,CSCC222657,10,uM,/Volumes/behavgenom$/Ida/Data/Hydra/SyngentaScreen/AuxiliaryFiles/20191213/20191212_robot_runlogs/20191212_150950_runlog.csv,1,9,6,
Synstock_M25,21,4,CSCC222657,3,uM,/Volumes/behavgenom$/Ida/Data/Hydra/SyngentaScreen/AuxiliaryFiles/20191213/20191212_robot_runlogs/20191212_150950_runlog.csv,1,9,6,
Synstock_M25,21,5,CSCC222657,1,uM,/Volumes/behavgenom$/Ida/Data/Hydra/SyngentaScreen/AuxiliaryFiles/20191213/20191212_robot_runlogs/20191212_150950_runlog.csv,1,9,6,
Synstock_M25,21,6,CSCD059161,100,uM,/Volumes/behavgenom$/Ida/Data/Hydra/SyngentaScreen/AuxiliaryFiles/20191213/20191212_robot_runlogs/20191212_150950_runlog.csv,1,9,6,A6
Synstock_M25,21,7,CSCD059161,30,uM,/Volumes/behavgenom$/Ida/Data/Hydra/SyngentaScreen/AuxiliaryFiles/20191213/20191212_robot_runlogs/20191212_150950_runlog.csv,1,9,6,
Synstock_M25,21,8,CSCD059161,10,uM,/Volumes/behavgenom$/Ida/Data/Hydra/SyngentaScreen/AuxiliaryFiles/20191213/20191212_robot_runlogs/20191212_150950_runlog.csv,1,9,6,
Synstock_M25,21,9,CSCD059161,3,uM,/Volumes/behavgenom$/Ida/Data/Hydra/SyngentaScreen/AuxiliaryFiles/20191213/20191212_robot_runlogs/20191212_150950_runlog.csv,1,9,6,
Synstock_M25,21,10,CSCD059161,1,uM,/Volumes/behavgenom$/Ida/Data/Hydra/SyngentaScreen/AuxiliaryFiles/20191213/20191212_robot_runlogs/20191212_150950_runlog.csv,1,9,6,
Synstock_M25,21,11,CSAA398011,100,uM,/Volumes/behavgenom$/Ida/Data/Hydra/SyngentaScreen/AuxiliaryFiles/20191213/20191212_robot_runlogs/20191212_150950_runlog.csv,1,9,6,A11
Synstock_M25,21,12,NoCompound,0,na,/Volumes/behavgenom$/Ida/Data/Hydra/SyngentaScreen/AuxiliaryFiles/20191213/20191212_robot_runlogs/20191212_150950_runlog.csv,1,9,6,
Synstock_M24,22,1,DMSO,0.1,%,/Volumes/behavgenom$/Ida/Data/Hydra/SyngentaScreen/AuxiliaryFiles/20191213/20191212_robot_runlogs/20191212_150950_runlog.csv,4,9,6,
Synstock_M24,22,2,CSCD744360,30,uM,/Volumes/behavgenom$/Ida/Data/Hydra/SyngentaScreen/AuxiliaryFiles/20191213/20191212_robot_runlogs/20191212_150950_runlog.csv,4,9,6,
Synstock_M24,22,3,CSCD744360,10,uM,/Volumes/behavgenom$/Ida/Data/Hydra/SyngentaScreen/AuxiliaryFiles/20191213/20191212_robot_runlogs/20191212_150950_runlog.csv,4,9,6,
Synstock_M24,22,4,CSCD744360,3,uM,/Volumes/behavgenom$/Ida/Data/Hydra/SyngentaScreen/AuxiliaryFiles/20191213/20191212_robot_runlogs/20191212_150950_runlog.csv,4,9,6,
Synstock_M24,22,5,CSCD744360,1,uM,/Volumes/behavgenom$/Ida/Data/Hydra/SyngentaScreen/AuxiliaryFiles/20191213/20191212_robot_runlogs/20191212_150950_runlog.csv,4,9,6,
Synstock_M24,22,6,CSAA242053,100,uM,/Volumes/behavgenom$/Ida/Data/Hydra/SyngentaScreen/AuxiliaryFiles/20191213/20191212_robot_runlogs/20191212_150950_runlog.csv,4,9,6,
Synstock_M24,22,7,CSAA242053,30,uM,/Volumes/behavgenom$/Ida/Data/Hydra/SyngentaScreen/AuxiliaryFiles/20191213/20191212_robot_runlogs/20191212_150950_runlog.csv,4,9,6,
Synstock_M24,22,8,CSAA242053,10,uM,/Volumes/behavgenom$/Ida/Data/Hydra/SyngentaScreen/AuxiliaryFiles/20191213/20191212_robot_runlogs/20191212_150950_runlog.csv,4,9,6,
Synstock_M24,22,9,CSAA242053,3,uM,/Volumes/behavgenom$/Ida/Data/Hydra/SyngentaScreen/AuxiliaryFiles/20191213/20191212_robot_runlogs/20191212_150950_runlog.csv,4,9,6,
Synstock_M24,22,10,CSAA242053,1,uM,/Volumes/behavgenom$/Ida/Data/Hydra/SyngentaScreen/AuxiliaryFiles/20191213/20191212_robot_runlogs/20191212_150950_runlog.csv,4,9,6,
Synstock_M24,22,11,CSCC222657,100,uM,/Volumes/behavgenom$/Ida/Data/Hydra/SyngentaScreen/AuxiliaryFiles/20191213/20191212_robot_runlogs/20191212_150950_runlog.csv,4,9,6,
Synstock_M24,22,12,NoCompound,0,na,/Volumes/behavgenom$/Ida/Data/Hydra/SyngentaScreen/AuxiliaryFiles/20191213/20191212_robot_runlogs/20191212_150950_runlog.csv,4,9,6,
Synstock_M23,23,1,DMSO,0.1,%,/Volumes/behavgenom$/Ida/Data/Hydra/SyngentaScreen/AuxiliaryFiles/20191213/20191212_robot_runlogs/20191212_150950_runlog.csv,7,9,6,
Synstock_M23,23,2,CSAA403359,3,uM,/Volumes/behavgenom$/Ida/Data/Hydra/SyngentaScreen/AuxiliaryFiles/20191213/20191212_robot_runlogs/20191212_150950_runlog.csv,7,9,6,
Synstock_M23,23,3,CSAA403359,1,uM,/Volumes/behavgenom$/Ida/Data/Hydra/SyngentaScreen/AuxiliaryFiles/20191213/20191212_robot_runlogs/20191212_150950_runlog.csv,7,9,6,
Synstock_M23,23,4,CSAA589317,150,uM,/Volumes/behavgenom$/Ida/Data/Hydra/SyngentaScreen/AuxiliaryFiles/20191213/20191212_robot_runlogs/20191212_150950_runlog.csv,7,9,6,
Synstock_M23,23,5,CSAA589317,100,uM,/Volumes/behavgenom$/Ida/Data/Hydra/SyngentaScreen/AuxiliaryFiles/20191213/20191212_robot_runlogs/20191212_150950_runlog.csv,7,9,6,
Synstock_M23,23,6,CSAA589317,30,uM,/Volumes/behavgenom$/Ida/Data/Hydra/SyngentaScreen/AuxiliaryFiles/20191213/20191212_robot_runlogs/20191212_150950_runlog.csv,7,9,6,
Synstock_M23,23,7,CSAA589317,10,uM,/Volumes/behavgenom$/Ida/Data/Hydra/SyngentaScreen/AuxiliaryFiles/20191213/20191212_robot_runlogs/20191212_150950_runlog.csv,7,9,6,
Synstock_M23,23,8,CSAA589317,3,uM,/Volumes/behavgenom$/Ida/Data/Hydra/SyngentaScreen/AuxiliaryFiles/20191213/20191212_robot_runlogs/20191212_150950_runlog.csv,7,9,6,
Synstock_M23,23,9,CSAA589317,1,uM,/Volumes/behavgenom$/Ida/Data/Hydra/SyngentaScreen/AuxiliaryFiles/20191213/20191212_robot_runlogs/20191212_150950_runlog.csv,7,9,6,
Synstock_M23,23,10,CSCD744360,150,uM,/Volumes/behavgenom$/Ida/Data/Hydra/SyngentaScreen/AuxiliaryFiles/20191213/20191212_robot_runlogs/20191212_150950_runlog.csv,7,9,6,
Synstock_M23,23,11,CSCD744360,100,uM,/Volumes/behavgenom$/Ida/Data/Hydra/SyngentaScreen/AuxiliaryFiles/20191213/20191212_robot_runlogs/20191212_150950_runlog.csv,7,9,6,
Synstock_M23,23,12,NoCompound,0,na,/Volumes/behavgenom$/Ida/Data/Hydra/SyngentaScreen/AuxiliaryFiles/20191213/20191212_robot_runlogs/20191212_150950_runlog.csv,7,9,6,
Synstock_M22,24,1,DMSO,0.1,%,/Volumes/behavgenom$/Ida/Data/Hydra/SyngentaScreen/AuxiliaryFiles/20191213/20191212_robot_runlogs/20191212_150950_runlog.csv,10,9,6,
Synstock_M22,24,2,M104-5MG,150,uM,/Volumes/behavgenom$/Ida/Data/Hydra/SyngentaScreen/AuxiliaryFiles/20191213/20191212_robot_runlogs/20191212_150950_runlog.csv,10,9,6,
Synstock_M22,24,3,M104-5MG,100,uM,/Volumes/behavgenom$/Ida/Data/Hydra/SyngentaScreen/AuxiliaryFiles/20191213/20191212_robot_runlogs/20191212_150950_runlog.csv,10,9,6,
Synstock_M22,24,4,M104-5MG,30,uM,/Volumes/behavgenom$/Ida/Data/Hydra/SyngentaScreen/AuxiliaryFiles/20191213/20191212_robot_runlogs/20191212_150950_runlog.csv,10,9,6,
Synstock_M22,24,5,M104-5MG,10,uM,/Volumes/behavgenom$/Ida/Data/Hydra/SyngentaScreen/AuxiliaryFiles/20191213/20191212_robot_runlogs/20191212_150950_runlog.csv,10,9,6,
Synstock_M22,24,6,M104-5MG,3,uM,/Volumes/behavgenom$/Ida/Data/Hydra/SyngentaScreen/AuxiliaryFiles/20191213/20191212_robot_runlogs/20191212_150950_runlog.csv,10,9,6,
Synstock_M22,24,7,M104-5MG,1,uM,/Volumes/behavgenom$/Ida/Data/Hydra/SyngentaScreen/AuxiliaryFiles/20191213/20191212_robot_runlogs/20191212_150950_runlog.csv,10,9,6,
Synstock_M22,24,8,CSAA403359,150,uM,/Volumes/behavgenom$/Ida/Data/Hydra/SyngentaScreen/AuxiliaryFiles/20191213/20191212_robot_runlogs/20191212_150950_runlog.csv,10,9,6,
Synstock_M22,24,9,CSAA403359,100,uM,/Volumes/behavgenom$/Ida/Data/Hydra/SyngentaScreen/AuxiliaryFiles/20191213/20191212_robot_runlogs/20191212_150950_runlog.csv,10,9,6,
Synstock_M22,24,10,CSAA403359,30,uM,/Volumes/behavgenom$/Ida/Data/Hydra/SyngentaScreen/AuxiliaryFiles/20191213/20191212_robot_runlogs/20191212_150950_runlog.csv,10,9,6,
Synstock_M22,24,11,CSAA403359,10,uM,/Volumes/behavgenom$/Ida/Data/Hydra/SyngentaScreen/AuxiliaryFiles/20191213/20191212_robot_runlogs/20191212_150950_runlog.csv,10,9,6,
Synstock_M22,24,12,NoCompound,0,na,/Volumes/behavgenom$/Ida/Data/Hydra/SyngentaScreen/AuxiliaryFiles/20191213/20191212_robot_runlogs/20191212_150950_runlog.csv,10,9,6,
Synstock_M21,25,1,DMSO,0.1,%,/Volumes/behavgenom$/Ida/Data/Hydra/SyngentaScreen/AuxiliaryFiles/20191213/20191212_robot_runlogs/20191212_155425_runlog.csv,1,9,7,
Synstock_M21,25,2,CSCD625957,30,uM,/Volumes/behavgenom$/Ida/Data/Hydra/SyngentaScreen/AuxiliaryFiles/20191213/20191212_robot_runlogs/20191212_155425_runlog.csv,1,9,7,
Synstock_M21,25,3,CSCD625957,10,uM,/Volumes/behavgenom$/Ida/Data/Hydra/SyngentaScreen/AuxiliaryFiles/20191213/20191212_robot_runlogs/20191212_155425_runlog.csv,1,9,7,
Synstock_M21,25,4,CSCD625957,3,uM,/Volumes/behavgenom$/Ida/Data/Hydra/SyngentaScreen/AuxiliaryFiles/20191213/20191212_robot_runlogs/20191212_155425_runlog.csv,1,9,7,
Synstock_M21,25,5,CSCD625957,1,uM,/Volumes/behavgenom$/Ida/Data/Hydra/SyngentaScreen/AuxiliaryFiles/20191213/20191212_robot_runlogs/20191212_155425_runlog.csv,1,9,7,
Synstock_M21,25,6,CSCD653428,150,uM,/Volumes/behavgenom$/Ida/Data/Hydra/SyngentaScreen/AuxiliaryFiles/20191213/20191212_robot_runlogs/20191212_155425_runlog.csv,1,9,7,
Synstock_M21,25,7,CSCD653428,100,uM,/Volumes/behavgenom$/Ida/Data/Hydra/SyngentaScreen/AuxiliaryFiles/20191213/20191212_robot_runlogs/20191212_155425_runlog.csv,1,9,7,
Synstock_M21,25,8,CSCD653428,30,uM,/Volumes/behavgenom$/Ida/Data/Hydra/SyngentaScreen/AuxiliaryFiles/20191213/20191212_robot_runlogs/20191212_155425_runlog.csv,1,9,7,
Synstock_M21,25,9,CSCD653428,10,uM,/Volumes/behavgenom$/Ida/Data/Hydra/SyngentaScreen/AuxiliaryFiles/20191213/20191212_robot_runlogs/20191212_155425_runlog.csv,1,9,7,
Synstock_M21,25,10,CSCD653428,3,uM,/Volumes/behavgenom$/Ida/Data/Hydra/SyngentaScreen/AuxiliaryFiles/20191213/20191212_robot_runlogs/20191212_155425_runlog.csv,1,9,7,
Synstock_M21,25,11,CSCD653428,1,uM,/Volumes/behavgenom$/Ida/Data/Hydra/SyngentaScreen/AuxiliaryFiles/20191213/20191212_robot_runlogs/20191212_155425_runlog.csv,1,9,7,
Synstock_M21,25,12,NoCompound,0,na,/Volumes/behavgenom$/Ida/Data/Hydra/SyngentaScreen/AuxiliaryFiles/20191213/20191212_robot_runlogs/20191212_155425_runlog.csv,1,9,7,
Synstock_M20,26,1,DMSO,0.1,%,/Volumes/behavgenom$/Ida/Data/Hydra/SyngentaScreen/AuxiliaryFiles/20191213/20191212_robot_runlogs/20191212_155425_runlog.csv,4,9,7,
Synstock_M20,26,2,CSCD621021,3,uM,/Volumes/behavgenom$/Ida/Data/Hydra/SyngentaScreen/AuxiliaryFiles/20191213/20191212_robot_runlogs/20191212_155425_runlog.csv,4,9,7,
Synstock_M20,26,3,CSCD621021,1,uM,/Volumes/behavgenom$/Ida/Data/Hydra/SyngentaScreen/AuxiliaryFiles/20191213/20191212_robot_runlogs/20191212_155425_runlog.csv,4,9,7,
Synstock_M20,26,4,CSCD625624,150,uM,/Volumes/behavgenom$/Ida/Data/Hydra/SyngentaScreen/AuxiliaryFiles/20191213/20191212_robot_runlogs/20191212_155425_runlog.csv,4,9,7,
Synstock_M20,26,5,CSCD625624,100,uM,/Volumes/behavgenom$/Ida/Data/Hydra/SyngentaScreen/AuxiliaryFiles/20191213/20191212_robot_runlogs/20191212_155425_runlog.csv,4,9,7,
Synstock_M20,26,6,CSCD625624,30,uM,/Volumes/behavgenom$/Ida/Data/Hydra/SyngentaScreen/AuxiliaryFiles/20191213/20191212_robot_runlogs/20191212_155425_runlog.csv,4,9,7,
Synstock_M20,26,7,CSCD625624,10,uM,/Volumes/behavgenom$/Ida/Data/Hydra/SyngentaScreen/AuxiliaryFiles/20191213/20191212_robot_runlogs/20191212_155425_runlog.csv,4,9,7,
Synstock_M20,26,8,CSCD625624,3,uM,/Volumes/behavgenom$/Ida/Data/Hydra/SyngentaScreen/AuxiliaryFiles/20191213/20191212_robot_runlogs/20191212_155425_runlog.csv,4,9,7,
Synstock_M20,26,9,CSCD625624,1,uM,/Volumes/behavgenom$/Ida/Data/Hydra/SyngentaScreen/AuxiliaryFiles/20191213/20191212_robot_runlogs/20191212_155425_runlog.csv,4,9,7,
Synstock_M20,26,10,CSCD625957,150,uM,/Volumes/behavgenom$/Ida/Data/Hydra/SyngentaScreen/AuxiliaryFiles/20191213/20191212_robot_runlogs/20191212_155425_runlog.csv,4,9,7,
Synstock_M20,26,11,CSCD625957,100,uM,/Volumes/behavgenom$/Ida/Data/Hydra/SyngentaScreen/AuxiliaryFiles/20191213/20191212_robot_runlogs/20191212_155425_runlog.csv,4,9,7,
Synstock_M20,26,12,NoCompound,0,na,/Volumes/behavgenom$/Ida/Data/Hydra/SyngentaScreen/AuxiliaryFiles/20191213/20191212_robot_runlogs/20191212_155425_runlog.csv,4,9,7,
Synstock_M19,27,1,DMSO,0.1,%,/Volumes/behavgenom$/Ida/Data/Hydra/SyngentaScreen/AuxiliaryFiles/20191213/20191212_robot_runlogs/20191212_155425_runlog.csv,7,9,7,
Synstock_M19,27,2,CSCC917641,150,uM,/Volumes/behavgenom$/Ida/Data/Hydra/SyngentaScreen/AuxiliaryFiles/20191213/20191212_robot_runlogs/20191212_155425_runlog.csv,7,9,7,
Synstock_M19,27,3,CSCC917641,100,uM,/Volumes/behavgenom$/Ida/Data/Hydra/SyngentaScreen/AuxiliaryFiles/20191213/20191212_robot_runlogs/20191212_155425_runlog.csv,7,9,7,
Synstock_M19,27,4,CSCC917641,30,uM,/Volumes/behavgenom$/Ida/Data/Hydra/SyngentaScreen/AuxiliaryFiles/20191213/20191212_robot_runlogs/20191212_155425_runlog.csv,7,9,7,
Synstock_M19,27,5,CSCC917641,10,uM,/Volumes/behavgenom$/Ida/Data/Hydra/SyngentaScreen/AuxiliaryFiles/20191213/20191212_robot_runlogs/20191212_155425_runlog.csv,7,9,7,
Synstock_M19,27,6,CSCC917641,3,uM,/Volumes/behavgenom$/Ida/Data/Hydra/SyngentaScreen/AuxiliaryFiles/20191213/20191212_robot_runlogs/20191212_155425_runlog.csv,7,9,7,
Synstock_M19,27,7,CSCC917641,1,uM,/Volumes/behavgenom$/Ida/Data/Hydra/SyngentaScreen/AuxiliaryFiles/20191213/20191212_robot_runlogs/20191212_155425_runlog.csv,7,9,7,
Synstock_M19,27,8,CSCD621021,150,uM,/Volumes/behavgenom$/Ida/Data/Hydra/SyngentaScreen/AuxiliaryFiles/20191213/20191212_robot_runlogs/20191212_155425_runlog.csv,7,9,7,
Synstock_M19,27,9,CSCD621021,100,uM,/Volumes/behavgenom$/Ida/Data/Hydra/SyngentaScreen/AuxiliaryFiles/20191213/20191212_robot_runlogs/20191212_155425_runlog.csv,7,9,7,
Synstock_M19,27,10,CSCD621021,30,uM,/Volumes/behavgenom$/Ida/Data/Hydra/SyngentaScreen/AuxiliaryFiles/20191213/20191212_robot_runlogs/20191212_155425_runlog.csv,7,9,7,
Synstock_M19,27,11,CSCD621021,10,uM,/Volumes/behavgenom$/Ida/Data/Hydra/SyngentaScreen/AuxiliaryFiles/20191213/20191212_robot_runlogs/20191212_155425_runlog.csv,7,9,7,
Synstock_M19,27,12,NoCompound,0,na,/Volumes/behavgenom$/Ida/Data/Hydra/SyngentaScreen/AuxiliaryFiles/20191213/20191212_robot_runlogs/20191212_155425_runlog.csv,7,9,7,
Synstock_M18,28,1,DMSO,0.1,%,/Volumes/behavgenom$/Ida/Data/Hydra/SyngentaScreen/AuxiliaryFiles/20191213/20191212_robot_runlogs/20191212_155425_runlog.csv,10,9,7,
Synstock_M18,28,2,CSCC154574,30,uM,/Volumes/behavgenom$/Ida/Data/Hydra/SyngentaScreen/AuxiliaryFiles/20191213/20191212_robot_runlogs/20191212_155425_runlog.csv,10,9,7,A2
Synstock_M18,28,3,CSCC154574,10,uM,/Volumes/behavgenom$/Ida/Data/Hydra/SyngentaScreen/AuxiliaryFiles/20191213/20191212_robot_runlogs/20191212_155425_runlog.csv,10,9,7,
Synstock_M18,28,4,CSCC154574,3,uM,/Volumes/behavgenom$/Ida/Data/Hydra/SyngentaScreen/AuxiliaryFiles/20191213/20191212_robot_runlogs/20191212_155425_runlog.csv,10,9,7,
Synstock_M18,28,5,CSCC154574,1,uM,/Volumes/behavgenom$/Ida/Data/Hydra/SyngentaScreen/AuxiliaryFiles/20191213/20191212_robot_runlogs/20191212_155425_runlog.csv,10,9,7,
Synstock_M18,28,6,CSCC818722,150,uM,/Volumes/behavgenom$/Ida/Data/Hydra/SyngentaScreen/AuxiliaryFiles/20191213/20191212_robot_runlogs/20191212_155425_runlog.csv,10,9,7,
Synstock_M18,28,7,CSCC818722,100,uM,/Volumes/behavgenom$/Ida/Data/Hydra/SyngentaScreen/AuxiliaryFiles/20191213/20191212_robot_runlogs/20191212_155425_runlog.csv,10,9,7,
Synstock_M18,28,8,CSCC818722,30,uM,/Volumes/behavgenom$/Ida/Data/Hydra/SyngentaScreen/AuxiliaryFiles/20191213/20191212_robot_runlogs/20191212_155425_runlog.csv,10,9,7,
Synstock_M18,28,9,CSCC818722,10,uM,/Volumes/behavgenom$/Ida/Data/Hydra/SyngentaScreen/AuxiliaryFiles/20191213/20191212_robot_runlogs/20191212_155425_runlog.csv,10,9,7,
Synstock_M18,28,10,CSCC818722,3,uM,/Volumes/behavgenom$/Ida/Data/Hydra/SyngentaScreen/AuxiliaryFiles/20191213/20191212_robot_runlogs/20191212_155425_runlog.csv,10,9,7,
Synstock_M18,28,11,CSCC818722,1,uM,/Volumes/behavgenom$/Ida/Data/Hydra/SyngentaScreen/AuxiliaryFiles/20191213/20191212_robot_runlogs/20191212_155425_runlog.csv,10,9,7,
Synstock_M18,28,12,NoCompound,0,na,/Volumes/behavgenom$/Ida/Data/Hydra/SyngentaScreen/AuxiliaryFiles/20191213/20191212_robot_runlogs/20191212_155425_runlog.csv,10,9,7,